出表日期,年度,季別,公司代號,公司名稱,產業別,基本每股盈餘,普通股每股面額,營業收入,營業利益,營業外收入及支出,稅後淨利
1111004,111,2,1101,台灣水泥股份有限公司,水泥工業,0.16,10.0000,48151294.00,-1800056.00,2537417.00,-84209.00
1111004,111,2,1102,亞洲水泥股份有限公司,水泥工業,2.11,10.0000,44168876.00,5495357.00,3558228.00,7444658.00
1111004,111,2,1103,嘉新水泥股份有限公司,水泥工業,-0.74,10.0000,1027363.00,-215200.00,-255143.00,-496512.00
1111004,111,2,1104,環球水泥股份有限公司,水泥工業,1.32,10.0000,3280857.00,353707.00,605034.00,877980.00
1111004,111,2,1108,幸福水泥股份有限公司,水泥工業,0.42,10.0000,1882891.00,248085.00,-31239.00,171747.00
1111004,111,2,1109,信大水泥股份有限公司,水泥工業,0.20,10.0000,3004875.00,420469.00,4882.00,114258.00
1111004,111,2,1110,東南水泥股份有限公司,水泥工業,-0.05,10.0000,752511.00,-23516.00,-14787.00,-36237.00
1111004,111,2,1201,味全食品工業股份有限公司,食品工業,0.37,10.0000,9463147.00,263668.00,-28975.00,186710.00
1111004,111,2,1203,味王股份有限公司,食品工業,0.76,10.0000,3115648.00,453727.00,17087.00,318360.00
1111004,111,2,1210,大成長城企業股份有限公司,食品工業,1.33,10.0000,52655457.00,1393190.00,247245.00,1308833.00
1111004,111,2,1213,大西洋飲料股份有限公司,食品工業,-0.78,10.0000,193745.00,-40795.00,-3638.00,-44365.00
1111004,111,2,1215,台灣卜蜂企業股份有限公司,食品工業,3.04,10.0000,14038618.00,1053723.00,-58823.00,800671.00
1111004,111,2,1216,統一企業股份有限公司,食品工業,1.60,10.0000,254735335.00,15076591.00,3086767.00,13904675.00
1111004,111,2,1217,愛之味股份有限公司,食品工業,0.07,10.0000,2231268.00,106928.00,-45404.00,37299.00
1111004,111,2,1218,泰山企業股份有限公司,食品工業,0.56,10.0000,5314748.00,119749.00,174529.00,273019.00
1111004,111,2,1219,福壽實業股份有限公司,食品工業,1.05,10.0000,8488365.00,366028.00,33896.00,327041.00
1111004,111,2,1220,台榮產業股份有限公司,食品工業,0.29,10.0000,1652921.00,68173.00,7738.00,61518.00
1111004,111,2,1225,福懋油脂股份有限公司,食品工業,1.61,10.0000,7314296.00,390556.00,41003.00,353395.00
1111004,111,2,1227,佳格食品股份有限公司,食品工業,0.54,10.0000,12722669.00,606926.00,63623.00,503176.00
1111004,111,2,1229,聯華實業投資控股股份有限公司,食品工業,1.86,10.0000,6600578.00,1585519.00,2055688.00,3576128.00
1111004,111,2,1231,聯華食品工業股份有限公司,食品工業,1.67,10.0000,4973194.00,520882.00,-41818.00,374706.00
1111004,111,2,1232,大統益股份有限公司,食品工業,5.34,10.0000,11633125.00,1041098.00,62598.00,872719.00
1111004,111,2,1233,天仁茶業股份有限公司,食品工業,0.22,10.0000,858519.00,-11285.00,29767.00,20545.00
1111004,111,2,1234,黑松股份有限公司,食品工業,0.75,10.0000,4047088.00,126238.00,242329.00,302403.00
1111004,111,2,1235,興泰實業股份有限公司,食品工業,0.46,10.0000,9330.00,-5516.00,51700.00,46175.00
1111004,111,2,1236,宏亞食品股份有限公司,食品工業,3.56,10.0000,928559.00,-33485.00,458058.00,385285.00
1111004,111,2,1256,鮮活控股股份有限公司,食品工業,3.37,10.0000,1897615.00,188824.00,16021.00,133471.00
1111004,111,2,1301,台灣塑膠工業股份有限公司,塑膠工業,5.93,10.0000,144928136.00,28626449.00,16408123.00,37775749.00
1111004,111,2,1303,南亞塑膠工業股份有限公司,塑膠工業,3.71,10.0000,196824158.00,23635654.00,15126147.00,32179339.00
1111004,111,2,1304,台灣聚合化學品股份有限公司,塑膠工業,0.83,10.0000,34949523.00,3351265.00,-1953811.00,747097.00
1111004,111,2,1305,華夏海灣塑膠股份有限公司,塑膠工業,0.62,10.0000,10146763.00,62582.00,391235.00,412248.00
1111004,111,2,1307,三芳化學工業股份有限公司,塑膠工業,0.68,10.0000,5318930.00,99457.00,221546.00,269460.00
1111004,111,2,1308,亞洲聚合股份有限公司,塑膠工業,1.17,10.0000,4489795.00,1217342.00,-354058.00,693052.00
1111004,111,2,1309,台達化學工業股份有限公司,塑膠工業,1.11,10.0000,9551324.00,340612.00,218406.00,418428.00
1111004,111,2,1310,台灣苯乙烯工業股份有限公司,塑膠工業,-0.10,10.0000,7357692.00,-99178.00,116439.00,-13791.00
1111004,111,2,1312,國喬石油化學股份有限公司,塑膠工業,0.45,10.0000,10037674.00,135281.00,817938.00,422330.00
1111004,111,2,1313,聯成化學科技股份有限公司,塑膠工業,0.02,10.0000,39842634.00,-801906.00,622699.00,28217.00
1111004,111,2,1314,中國石油化學工業開發(股)公司,塑膠工業,-0.21,10.0000,15521372.00,-947215.00,155614.00,-795243.00
1111004,111,2,1315,達新工業股份有限公司,塑膠工業,2.00,10.0000,1304701.00,57547.00,167566.00,192340.00
1111004,111,2,1316,上曜建設開發股份有限公司,建材營造,0.28,10.0000,1174969.00,74916.00,-81517.00,-11851.00
1111004,111,2,1319,東陽實業廠股份有限公司,汽車工業,1.87,10.0000,10443132.00,741118.00,588856.00,1018382.00
1111004,111,2,1321,大洋塑膠工業股份有限公司,塑膠工業,-0.05,10.0000,3722699.00,-37439.00,30745.00,-10906.00
1111004,111,2,1323,永裕塑膠工業股份有限公司,塑膠工業,0.85,10.0000,1888876.00,169589.00,5658.00,133825.00
1111004,111,2,1324,地球綜合工業股份有限公司,塑膠工業,-0.05,10.0000,516708.00,-4700.00,5186.00,-3653.00
1111004,111,2,1325,恒大股份有限公司,塑膠工業,0.07,10.0000,300505.00,-6427.00,16230.00,5197.00
1111004,111,2,1326,台灣化學纖維股份有限公司,塑膠工業,2.11,10.0000,203190223.00,6161377.00,10570523.00,14830407.00
1111004,111,2,1337,亞洲塑膠再生資源控股有限公司,塑膠工業,-0.81,10.0000,291227.00,-233140.00,16093.00,-217047.00
1111004,111,2,1338,廣華控股有限公司,汽車工業,1.32,10.0000,3719578.00,144338.00,2029.00,110925.00
1111004,111,2,1339,昭輝實業股份有限公司,汽車工業,3.44,10.0000,1005225.00,65668.00,258770.00,248937.00
1111004,111,2,1340,勝悅新材料有限公司,塑膠工業,-1.31,10.0000,240164.00,-213717.00,12344.00,-200883.00
1111004,111,2,1341,富林塑膠工業(開曼)控股(股)公司,塑膠工業,3.14,10.0000,1626012.00,181646.00,17849.00,158164.00
1111004,111,2,1342,八貫企業股份有限公司,其他,3.38,10.0000,1235380.00,233539.00,43092.00,229043.00
1111004,111,2,1402,遠東新世紀股份有限公司,紡織纖維,1.17,10.0000,132680556.00,9560361.00,1232418.00,8633178.00
1111004,111,2,1409,新光合成纖維股份有限公司,紡織纖維,1.05,10.0000,24651299.00,--,--,2186981.00
1111004,111,2,1410,南洋染整股份有限公司,紡織纖維,0.37,10.0000,202327.00,16598.00,12200.00,23541.00
1111004,111,2,1413,宏洲纖維工業股份有限公司,紡織纖維,0.85,10.0000,1776792.00,100932.00,11155.00,112087.00
1111004,111,2,1414,東和紡織股份有限公司,紡織纖維,0.31,10.0000,386509.00,65157.00,19533.00,69160.00
1111004,111,2,1416,廣豐實業股份有限公司,其他,0.17,10.0000,132281.00,-28521.00,58159.00,28366.00
1111004,111,2,1417,嘉裕股份有限公司,紡織纖維,0.05,10.0000,712275.00,-38137.00,50070.00,10367.00
1111004,111,2,1418,東華合纖股份有限公司,紡織纖維,-1.01,10.0000,9641.00,-41545.00,-13402.00,-54947.00
1111004,111,2,1419,新光紡織股份有限公司,紡織纖維,5.71,10.0000,1463020.00,85290.00,1763528.00,1707946.00
1111004,111,2,1423,利華羊毛工業股份有限公司,紡織纖維,0.29,10.0000,102127.00,297.00,52240.00,40427.00
1111004,111,2,1432,大魯閣實業股份有限公司,貿易百貨,-0.76,10.0000,487611.00,-44088.00,-26420.00,-70508.00
1111004,111,2,1434,福懋興業股份有限公司,紡織纖維,1.54,10.0000,18195453.00,676267.00,2083515.00,2591725.00
1111004,111,2,1436,華友聯開發股份有限公司(原福益),建材營造,0.52,10.0000,783632.00,108836.00,-38797.00,49546.00
1111004,111,2,1437,勤益投資控股股份有限公司,其他,0.87,10.0000,353118.00,186123.00,25589.00,176695.00
1111004,111,2,1438,三地開發地產股份有限公司,建材營造,5.63,10.0000,455714.00,411152.00,-5508.00,400611.00
1111004,111,2,1439,雋揚國際股份有限公司,紡織纖維,0.54,10.0000,16232.00,-17500.00,67341.00,49460.00
1111004,111,2,1440,臺南紡織股份有限公司,紡織纖維,0.71,10.0000,11390253.00,916862.00,678116.00,1196806.00
1111004,111,2,1441,大東紡織股份有限公司,紡織纖維,-0.35,10.0000,849389.00,-72241.00,13174.00,-58381.00
1111004,111,2,1442,名軒開發股份有限公司,建材營造,0.30,10.0000,393244.00,3722.00,121148.00,111498.00
1111004,111,2,1443,立益物流開發股份有限公司,其他,0.90,10.0000,400408.00,98651.00,-6485.00,86383.00
1111004,111,2,1444,力麗企業股份有限公司,紡織纖維,0.61,10.0000,6619384.00,306224.00,408655.00,584260.00
1111004,111,2,1445,大宇紡織股份有限公司,紡織纖維,-0.19,10.0000,711129.00,-61098.00,10855.00,-24620.00
1111004,111,2,1446,宏和精密紡織股份有限公司,紡織纖維,-0.06,10.0000,67193.00,-20698.00,13027.00,-7853.00
1111004,111,2,1447,力鵬企業股份有限公司,紡織纖維,0.35,10.0000,14109502.00,186054.00,190588.00,305369.00
1111004,111,2,1449,佳和實業股份有限公司,紡織纖維,0.80,10.0000,1315388.00,-25543.00,138517.00,94876.00
1111004,111,2,1451,年興紡織股份有限公司,紡織纖維,1.79,10.0000,4442782.00,233483.00,200557.00,354671.00
1111004,111,2,1452,宏益纖維工業股份有限公司,紡織纖維,0.71,10.0000,1025452.00,114604.00,10886.00,93535.00
1111004,111,2,1453,大將開發股份有限公司,建材營造,-0.12,10.0000,149727.00,-16743.00,11948.00,-11859.00
1111004,111,2,1454,台灣富綢纖維股份有限公司,紡織纖維,0.19,10.0000,951470.00,34339.00,2475.00,22644.00
1111004,111,2,1455,集盛實業股份有限公司,紡織纖維,0.09,10.0000,5375416.00,203627.00,-84390.00,46677.00
1111004,111,2,1456,怡華實業股份有限公司,建材營造,-0.79,10.0000,347938.00,35191.00,-101869.00,-73780.00
1111004,111,2,1457,宜進實業股份有限公司,紡織纖維,4.34,10.0000,2379204.00,2218442.00,-89751.00,2011151.00
1111004,111,2,1459,聯發紡織纖維股份有限公司,紡織纖維,-0.76,10.0000,1196764.00,-6916.00,-224978.00,-240181.00
1111004,111,2,1460,宏遠興業股份有限公司,紡織纖維,-0.49,10.0000,4941933.00,124009.00,-413169.00,-332646.00
1111004,111,2,1463,強盛染整股份有限公司,紡織纖維,-0.20,10.0000,252529.00,7998.00,-39896.00,-33475.00
1111004,111,2,1464,得力實業股份有限公司,紡織纖維,0.55,10.0000,6219997.00,-55912.00,315148.00,227958.00
1111004,111,2,1465,偉全實業股份有限公司,紡織纖維,0.47,10.0000,248612.00,-7037.00,55911.00,48699.00
1111004,111,2,1466,聚隆纖維股份有限公司,紡織纖維,0.42,10.0000,1531852.00,21918.00,37209.00,46711.00
1111004,111,2,1467,南緯實業股份有限公司,紡織纖維,0.13,10.0000,3254379.00,89098.00,2706.00,25283.00
1111004,111,2,1468,昶和纖維興業股份有限公司,紡織纖維,0.30,10.0000,626156.00,-32466.00,85093.00,48265.00
1111004,111,2,1470,大統新創股份有限公司,紡織纖維,0.24,10.0000,509230.00,60044.00,-25386.00,20827.00
1111004,111,2,1471,首利實業股份有限公司,電子零組件業,-0.72,10.0000,128994.00,-86925.00,-22056.00,-108981.00
1111004,111,2,1472,三洋實業股份有限公司,紡織纖維,0.48,10.0000,456637.00,9723.00,5391.00,11895.00
1111004,111,2,1473,台南企業股份有限公司,紡織纖維,1.18,10.0000,4006534.00,129996.00,69120.00,172045.00
1111004,111,2,1474,弘裕企業股份有限公司,紡織纖維,0.44,10.0000,1709047.00,55075.00,24025.00,59446.00
1111004,111,2,1475,台灣業旺股份有限公司,紡織纖維,6.08,10.0000,565108.00,117836.00,40884.00,158246.00
1111004,111,2,1476,儒鴻企業股份有限公司,紡織纖維,13.95,10.0000,21393193.00,4319219.00,467920.00,3828307.00
1111004,111,2,1477,聚陽實業股份有限公司,紡織纖維,6.73,10.0000,15312548.00,2081588.00,-3175.00,1644856.00
1111004,111,2,1503,士林電機廠股份有限公司,電機機械,2.26,10.0000,15351558.00,1386491.00,237961.00,1227767.00
1111004,111,2,1504,東電機股份有限公司,電機機械,0.65,10.0000,28440873.00,2437753.00,-70255.00,1625284.00
1111004,111,2,1506,正道工業股份有限公司,電機機械,0.13,10.0000,592274.00,1191.00,28879.00,29674.00
1111004,111,2,1512,瑞利企業股份有限公司,汽車工業,-0.50,10.0000,327086.00,-94880.00,-23310.00,-125562.00
1111004,111,2,1513,中興電工機械股份有限公司,電機機械,2.43,10.0000,9114105.00,1393140.00,73458.00,1153453.00
1111004,111,2,1514,亞力電機股份有限公司,電機機械,1.23,10.0000,3466207.00,271373.00,55478.00,283107.00
1111004,111,2,1515,力山工業股份有限公司,電機機械,-0.77,10.0000,2579091.00,-203581.00,19853.00,-139915.00
1111004,111,2,1516,川飛能源股份有限公司,其他,0.62,10.0000,754211.00,27185.00,643.00,22267.00
1111004,111,2,1517,利奇機械工業股份有限公司,電機機械,1.30,10.0000,2572026.00,314202.00,56047.00,281183.00
1111004,111,2,1519,華城電機股份有限公司,電機機械,0.86,10.0000,3440482.00,215562.00,37994.00,217642.00
1111004,111,2,1521,大億交通工業製造股份有限公司,汽車工業,0.56,10.0000,2397377.00,22289.00,33678.00,42908.00
1111004,111,2,1522,堤維西交通工業股份有限公司,汽車工業,1.52,10.0000,9612787.00,460331.00,220632.00,533206.00
1111004,111,2,1524,耿鼎企業股份有限公司,汽車工業,1.04,10.0000,1231254.00,128936.00,85899.00,172149.00
1111004,111,2,1525,江申工業股份有限公司,汽車工業,1.74,10.0000,665986.00,15686.00,132092.00,127499.00
1111004,111,2,1526,日馳企業股份有限公司,電機機械,3.49,10.0000,1123037.00,257403.00,15823.00,209171.00
1111004,111,2,1527,鑽全實業股份有限公司,電機機械,3.00,10.0000,2301222.00,410750.00,114637.00,415487.00
1111004,111,2,1528,恩德科技股份有限公司,電機機械,0.45,10.0000,1844009.00,29033.00,87594.00,85520.00
1111004,111,2,1529,樂事綠能科技股份有限公司,電機機械,0.15,10.0000,114203.00,35710.00,-12651.00,20329.00
1111004,111,2,1530,亞崴機電股份有限公司,電機機械,1.87,10.0000,1371482.00,114573.00,121242.00,178144.00
1111004,111,2,1531,高林股份有限公司,電機機械,0.77,10.0000,1457698.00,100390.00,105000.00,140677.00
1111004,111,2,1532,勤美股份有限公司,電機機械,1.17,10.0000,7635925.00,574951.00,-26404.00,561968.00
1111004,111,2,1533,車王電子股份有限公司,汽車工業,0.49,10.0000,1535829.00,-21452.00,31400.00,3764.00
1111004,111,2,1535,中宇環保工程股份有限公司,電機機械,2.52,10.0000,4159933.00,155423.00,203313.00,311929.00
1111004,111,2,1536,和大工業股份有限公司,汽車工業,0.76,10.0000,3515156.00,92755.00,162642.00,216757.00
1111004,111,2,1537,廣隆光電科技股份有限公司,電機機械,6.39,10.0000,3694952.00,551094.00,133870.00,523223.00
1111004,111,2,1538,正峰工業股份有限公司,電機機械,-0.77,10.0000,116890.00,-22371.00,530.00,-21841.00
1111004,111,2,1539,巨庭機械股份有限公司,電機機械,4.56,10.0000,1558938.00,116465.00,242678.00,297770.00
1111004,111,2,1540,喬福機械工業股份有限公司,電機機械,0.71,10.0000,224774.00,41918.00,34316.00,60978.00
1111004,111,2,1541,錩泰工業股份有限公司,電機機械,3.53,10.0000,2604387.00,108551.00,217947.00,278261.00
1111004,111,2,1558,伸興工業股份有限公司,電機機械,6.00,10.0000,3911651.00,241126.00,233302.00,364727.00
1111004,111,2,1560,中國砂輪企業股份有限公司,電機機械,4.92,10.0000,3502982.00,802394.00,62066.00,721628.00
1111004,111,2,1568,倉佑實業股份有限公司,汽車工業,0.88,10.0000,964424.00,85247.00,21581.00,90053.00
1111004,111,2,1582,信錦企業股份有限公司,電子零組件業,1.47,10.0000,5568500.00,202870.00,118495.00,181010.00
1111004,111,2,1583,程泰機械股份有限公司,電機機械,3.11,10.0000,2909710.00,301591.00,262204.00,431841.00
1111004,111,2,1587,吉茂精密股份有限公司,汽車工業,1.12,10.0000,1305038.00,87544.00,24096.00,76966.00
1111004,111,2,1589,永冠能源科技集團有限公司,電機機械,-2.56,10.0000,4143517.00,-135267.00,-168768.00,-287895.00
1111004,111,2,1590,亞德客國際集團,電機機械,16.40,10.0000,13731348.00,4003395.00,259508.00,3279798.00
1111004,111,2,1597,直得科技股份有限公司,電機機械,2.03,10.0000,845076.00,183036.00,24402.00,163528.00
1111004,111,2,1598,岱宇國際股份有限公司,生技醫療業,-0.83,10.0000,3639958.00,-338070.00,223366.00,-114929.00
1111004,111,2,1603,中華電線電纜股份有限公司,電器電纜,0.64,10.0000,1491862.00,122811.00,11159.00,101925.00
1111004,111,2,1604,聲寶股份有限公司,電器電纜,1.03,10.0000,4812548.00,371971.00,145907.00,405023.00
1111004,111,2,1605,華新麗華股份有限公司,電器電纜,2.71,10.0000,93040785.00,6841634.00,4224846.00,9348924.00
1111004,111,2,1608,華榮電線電纜股份有限公司,電器電纜,-0.52,10.0000,5534003.00,282840.00,-438044.00,-219382.00
1111004,111,2,1609,大亞電線電纜股份有限公司,電器電纜,0.25,10.0000,13728485.00,543446.00,-194884.00,258677.00
1111004,111,2,1611,中國電器股份有限公司,電器電纜,0.14,10.0000,785868.00,44876.00,5810.00,44779.00
1111004,111,2,1612,宏泰電工股份有限公司,電器電纜,0.45,10.0000,3071327.00,290850.00,2346.00,140804.00
1111004,111,2,1614,台灣三洋電機股份有限公司,電器電纜,0.55,10.0000,3212222.00,181500.00,-3155.00,143437.00
1111004,111,2,1615,大山電線電纜股份有限公司,電器電纜,1.40,10.0000,2068385.00,199491.00,49355.00,193523.00
1111004,111,2,1616,億泰電線電纜股份有限公司,電器電纜,0.02,10.0000,1778576.00,40502.00,-32269.00,4451.00
1111004,111,2,1617,榮星電線工業股份有限公司,電器電纜,0.41,10.0000,1941107.00,24110.00,48747.00,56150.00
1111004,111,2,1618,合機電線電纜股份有限公司,電器電纜,0.61,10.0000,1231014.00,77533.00,64709.00,117951.00
1111004,111,2,1626,艾美特(開曼)國際有限公司,電器電纜,4.44,10.0000,5845880.00,11908.00,755954.00,646445.00
1111004,111,2,1701,中國化學製藥股份有限公司,生技醫療業,0.82,10.0000,4060923.00,182044.00,119059.00,245596.00
1111004,111,2,1702,南僑投資控股股份有限公司,食品工業,1.40,10.0000,9907561.00,598355.00,118992.00,449609.00
1111004,111,2,1707,葡萄王生技股份有限公司,生技醫療業,4.19,10.0000,4775053.00,1090238.00,59118.00,930807.00
1111004,111,2,1708,東南實業股份有限公司,化學工業,2.94,10.0000,3875031.00,993338.00,-66125.00,731609.00
1111004,111,2,1709,和益化學工業股份有限公司,化學工業,1.43,10.0000,5565513.00,733156.00,139425.00,686006.00
1111004,111,2,1710,東聯化學股份有限公司,化學工業,-0.30,10.0000,12044577.00,-463860.00,-292183.00,-679032.00
1111004,111,2,1711,臺灣永光化學工業股份有限公司,化學工業,0.43,10.0000,4736034.00,237977.00,66620.00,250343.00
1111004,111,2,1712,興農股份有限公司,化學工業,2.11,10.0000,12165558.00,1032003.00,97364.00,892150.00
1111004,111,2,1713,國泰化工廠股份有限公司,化學工業,0.61,10.0000,329197.00,15646.00,80235.00,92389.00
1111004,111,2,1714,和桐化學股份有限公司,化學工業,0.24,10.0000,10739169.00,470124.00,35043.00,368921.00
1111004,111,2,1717,長興材料工業股份有限公司,化學工業,1.43,10.0000,25548603.00,2178015.00,115088.00,1791095.00
1111004,111,2,1718,中國人造纖維股份有限公司,化學工業,-0.28,10.0000,16377134.00,--,--,1678469.00
1111004,111,2,1720,生達化學製藥股份有限公司,生技醫療業,2.25,10.0000,2718231.00,507469.00,173840.00,563072.00
1111004,111,2,1721,三晃股份有限公司,化學工業,0.42,10.0000,1651828.00,59588.00,31739.00,78038.00
1111004,111,2,1722,台灣肥料股份有限公司,化學工業,1.58,10.0000,7830168.00,-558543.00,2488982.00,1548005.00
1111004,111,2,1723,中鋼碳素化學股份有限公司,化學工業,3.88,10.0000,5615040.00,997280.00,91191.00,901930.00
1111004,111,2,1725,禎企業股份有限公司,化學工業,0.34,10.0000,5276824.00,95039.00,-11878.00,61295.00
1111004,111,2,1726,永記造漆工業股份有限公司,化學工業,2.61,10.0000,4748521.00,428863.00,110947.00,423360.00
1111004,111,2,1727,臺灣中華化學工業股份有限公司,化學工業,0.68,10.0000,1156846.00,45440.00,3047.00,77399.00
1111004,111,2,1730,花仙子企業股份有限公司,化學工業,2.26,10.0000,1410255.00,177406.00,9879.00,153774.00
1111004,111,2,1731,美吾華股份有限公司,生技醫療業,0.71,10.0000,628853.00,119506.00,3300.00,94978.00
1111004,111,2,1732,毛寶股份有限公司,化學工業,0.18,10.0000,306027.00,1937.00,9023.00,7704.00
1111004,111,2,1733,五鼎生物技術股份有限公司,生技醫療業,0.75,10.0000,1130059.00,73276.00,12685.00,74578.00
1111004,111,2,1734,杏輝藥品工業股份有限公司,生技醫療業,0.87,10.0000,1385019.00,150002.00,18590.00,126776.00
1111004,111,2,1735,日勝化工股份有限公司,化學工業,0.09,10.0000,1618437.00,-5706.00,17915.00,9190.00
1111004,111,2,1736,喬山健康科技股份有限公司,生技醫療業,-1.08,10.0000,14093731.00,-925735.00,488800.00,-317982.00
1111004,111,2,1737,臺鹽實業股份有限公司,食品工業,0.87,10.0000,1796700.00,181257.00,23118.00,156479.00
1111004,111,2,1752,南光化學製藥股份有限公司,生技醫療業,1.14,10.0000,848609.00,125970.00,12222.00,115627.00
1111004,111,2,1760,寶齡富錦生技股份有限公司,生技醫療業,2.34,10.0000,1269358.00,277049.00,22266.00,200731.00
1111004,111,2,1762,中化合成生技股份有限公司,生技醫療業,3.55,10.0000,1108934.00,292251.00,70580.00,275721.00
1111004,111,2,1773,勝一化工股份有限公司,化學工業,3.87,10.0000,6047557.00,1148167.00,55015.00,966792.00
1111004,111,2,1776,展宇科技材料股份有限公司,化學工業,0.25,10.0000,790333.00,19950.00,5012.00,17328.00
1111004,111,2,1783,和康生物科技股份有限公司,生技醫療業,0.70,10.0000,277487.00,39715.00,19616.00,54032.00
1111004,111,2,1786,科妍生物科技股份有限公司,生技醫療業,1.01,10.0000,232578.00,40731.00,39134.00,66626.00
1111004,111,2,1789,台灣神隆股份有限公司,生技醫療業,0.24,10.0000,1543477.00,222955.00,14551.00,191081.00
1111004,111,2,1795,美時化學製藥股份有限公司,生技醫療業,2.97,10.0000,6071809.00,1113737.00,-98358.00,773776.00
1111004,111,2,1802,台灣玻璃工業股份有限公司,玻璃陶瓷,0.60,10.0000,23370186.00,1443750.00,898071.00,1825528.00
1111004,111,2,1805,寶徠建設股份有限公司,建材營造,-0.36,10.0000,220232.00,-26187.00,-5279.00,-35750.00
1111004,111,2,1806,冠軍建材股份有限公司,玻璃陶瓷,-0.18,10.0000,1580814.00,148497.00,-96910.00,-79809.00
1111004,111,2,1808,潤隆建設股份有限公司,建材營造,0.11,10.0000,886160.00,24816.00,50178.00,41778.00
1111004,111,2,1809,中國製釉股份有限公司,玻璃陶瓷,0.31,10.0000,1265869.00,-3326.00,50770.00,45309.00
1111004,111,2,1810,和成欣業股份有限公司,玻璃陶瓷,0.40,10.0000,2602092.00,98721.00,126329.00,147311.00
1111004,111,2,1817,凱撒衛浴股份有限公司,玻璃陶瓷,1.79,10.0000,1279316.00,161722.00,7243.00,131256.00
1111004,111,2,1903,士林紙業股份有限公司,造紙工業,-0.24,10.0000,85535.00,-51788.00,-9687.00,-61475.00
1111004,111,2,1904,正隆股份有限公司,造紙工業,1.79,10.0000,22804870.00,1326866.00,1415141.00,2161018.00
1111004,111,2,1905,中華紙漿股份有限公司,造紙工業,0.10,10.0000,11748525.00,30326.00,103449.00,133213.00
1111004,111,2,1906,寶隆國際股份有限公司,造紙工業,2.65,10.0000,2613950.00,-974.00,421805.00,400154.00
1111004,111,2,1907,永豐餘投資控股股份有限公司,造紙工業,0.46,10.0000,39881765.00,1000770.00,597422.00,1088221.00
1111004,111,2,1909,榮成紙業股份有限公司,造紙工業,0.24,10.0000,26803915.00,328373.00,79290.00,294575.00
1111004,111,2,2002,中國鋼鐵股份有限公司,鋼鐵工業,1.35,10.0000,248849833.00,26239665.00,2662364.00,22736816.00
1111004,111,2,2006,東和鋼鐵企業股份有限公司,鋼鐵工業,3.59,10.0000,31421213.00,3197756.00,163109.00,2629411.00
1111004,111,2,2007,燁興企業股份有限公司,鋼鐵工業,-0.33,10.0000,4092419.00,77243.00,-248215.00,-172932.00
1111004,111,2,2008,高興昌鋼鐵股份有限公司,鋼鐵工業,0.17,10.0000,1062532.00,43641.00,-2007.00,33690.00
1111004,111,2,2009,第一伸銅科技股份有限公司,鋼鐵工業,-0.01,10.0000,1556622.00,15835.00,-19228.00,-3393.00
1111004,111,2,2010,春源鋼鐵工業股份有限公司,鋼鐵工業,0.65,10.0000,12886714.00,500994.00,42518.00,421407.00
1111004,111,2,2012,春雨工廠股份有限公司,鋼鐵工業,1.17,10.0000,5781656.00,503685.00,-20837.00,370684.00
1111004,111,2,2013,中國鋼鐵結構股份有限公司,鋼鐵工業,1.07,10.0000,8873425.00,198872.00,59851.00,214400.00
1111004,111,2,2014,中鴻鋼鐵股份有限公司,鋼鐵工業,0.82,10.0000,28441126.00,1341579.00,110533.00,1181637.00
1111004,111,2,2015,豐興鋼鐵股份有限公司,鋼鐵工業,3.06,10.0000,20806547.00,2012431.00,213315.00,1782215.00
1111004,111,2,2017,官田鋼鐵股份有限公司,鋼鐵工業,0.51,10.0000,2006609.00,174765.00,29639.00,185251.00
1111004,111,2,2020,美亞鋼管廠股份有限公司,鋼鐵工業,1.06,10.0000,3288926.00,203476.00,60543.00,236128.00
1111004,111,2,2022,聚亨企業股份有限公司,鋼鐵工業,0.00,10.0000,5191567.00,152521.00,-120681.00,29921.00
1111004,111,2,2023,燁輝企業股份有限公司,鋼鐵工業,0.82,10.0000,46115164.00,2005480.00,28774.00,1492249.00
1111004,111,2,2024,志聯工業股份有限公司,鋼鐵工業,0.44,10.0000,680202.00,53662.00,509.00,43141.00
1111004,111,2,2025,千興不銹鋼(股)公司,鋼鐵工業,1.06,10.0000,958453.00,7649.00,290894.00,298543.00
1111004,111,2,2027,大成不銹鋼工業股份有限公司,鋼鐵工業,5.04,10.0000,62512137.00,14162458.00,936733.00,11084527.00
1111004,111,2,2028,威致鋼鐵工業股份有限公司,鋼鐵工業,1.89,10.0000,6976858.00,766782.00,10163.00,616625.00
1111004,111,2,2029,盛餘股份有限公司,鋼鐵工業,1.85,10.0000,7920982.00,693858.00,46433.00,579820.00
1111004,111,2,2030,彰源企業股份有限公司,鋼鐵工業,2.54,10.0000,8914778.00,1020337.00,-77256.00,711748.00
1111004,111,2,2031,新光鋼鐵股份有限公司,鋼鐵工業,1.15,10.0000,8738648.00,673047.00,-78271.00,379493.00
1111004,111,2,2032,新鋼工業股份有限公司,鋼鐵工業,0.14,10.0000,1798781.00,6094.00,15002.00,18720.00
1111004,111,2,2033,佳大世界股份有限公司,鋼鐵工業,0.00,10.0000,439365.00,2513.00,-2417.00,-226.00
1111004,111,2,2034,允強實業股份有限公司,鋼鐵工業,1.78,10.0000,9049030.00,905023.00,163284.00,793763.00
1111004,111,2,2038,海光企業股份有限公司,鋼鐵工業,0.74,10.0000,5436610.00,76523.00,74320.00,122818.00
1111004,111,2,2049,上銀科技股份有限公司,電機機械,7.61,10.0000,15801804.00,3402434.00,-2343.00,2512604.00
1111004,111,2,2059,川湖科技股份有限公司,電子零組件業,20.03,10.0000,3660157.00,1714502.00,767225.00,1908930.00
1111004,111,2,2062,橋椿金屬股份有限公司,其他,2.39,10.0000,4740141.00,390560.00,205738.00,476861.00
1111004,111,2,2069,運錩鋼鐵股份有限公司,鋼鐵工業,1.86,10.0000,7781820.00,502784.00,-66725.00,306855.00
1111004,111,2,2101,南港輪胎股份有限公司,橡膠工業,-0.55,10.0000,4058759.00,-222543.00,-225870.00,-460088.00
1111004,111,2,2102,泰豐輪胎股份有限公司,橡膠工業,-0.69,10.0000,739530.00,-366528.00,51664.00,-315754.00
1111004,111,2,2103,台橡股份有限公司,橡膠工業,1.70,10.0000,17616847.00,1914526.00,301818.00,1626685.00
1111004,111,2,2104,國際中橡投資控股股份有限公司,橡膠工業,0.21,10.0000,11056602.00,631417.00,164693.00,289374.00
1111004,111,2,2105,正新橡膠工業股份有限公司,橡膠工業,0.78,10.0000,48835989.00,3517985.00,64960.00,2534276.00
1111004,111,2,2106,建大工業股份有限公司,橡膠工業,0.71,10.0000,19900044.00,516913.00,335871.00,645627.00
1111004,111,2,2107,厚生股份有限公司,橡膠工業,1.11,10.0000,1109287.00,265567.00,181890.00,380419.00
1111004,111,2,2108,南帝化學工業股份有限公司,橡膠工業,1.92,10.0000,6931613.00,1080382.00,472138.00,1030898.00
1111004,111,2,2109,華豐橡膠工業股份有限公司,橡膠工業,0.50,10.0000,2806088.00,326089.00,19682.00,231532.00
1111004,111,2,2114,鑫永銓股份有限公司,橡膠工業,2.08,10.0000,959792.00,286063.00,-72499.00,162599.00
1111004,111,2,2115,六暉控股股份有限公司,汽車工業,1.11,10.0000,1589582.00,186415.00,-17632.00,110190.00
1111004,111,2,2201,裕隆汽車製造股份有限公司,汽車工業,-1.85,10.0000,36763093.00,5375310.00,-4082636.00,-119685.00
1111004,111,2,2204,中華汽車工業股份有限公司,汽車工業,-7.52,10.0000,14408647.00,1195761.00,-4774417.00,-3989409.00
1111004,111,2,2206,三陽工業股份有限公司,汽車工業,2.09,10.0000,23596872.00,1735706.00,518437.00,1832755.00
1111004,111,2,2207,和泰汽車股份有限公司,汽車工業,6.37,10.0000,118532560.00,--,--,5393690.00
1111004,111,2,2208,台灣國際造船股份有限公司,航運業,-1.16,10.0000,9789795.00,-1190413.00,100544.00,-1087477.00
1111004,111,2,2211,長榮鋼鐵股份有限公司,鋼鐵工業,3.73,10.0000,6716862.00,1137064.00,853800.00,1753739.00
1111004,111,2,2227,裕隆日產汽車股份有限公司,汽車工業,3.44,10.0000,11851589.00,57109.00,1244826.00,1031928.00
1111004,111,2,2228,劍麟股份有限公司,汽車工業,2.15,10.0000,2039605.00,150866.00,77006.00,163322.00
1111004,111,2,2231,為升電裝工業股份有限公司,汽車工業,2.42,10.0000,1833502.00,151444.00,114217.00,212182.00
1111004,111,2,2233,宇隆科技股份有限公司,汽車工業,5.81,10.0000,1750240.00,301535.00,143448.00,345841.00
1111004,111,2,2236,百達精密工業股份有限公司,汽車工業,0.64,10.0000,661215.00,39843.00,12321.00,29517.00
1111004,111,2,2239,開曼英利工業股份有限公司,汽車工業,-1.53,10.0000,8778421.00,-293397.00,49348.00,-231276.00
1111004,111,2,2241,艾姆勒科技股份有限公司,汽車工業,-0.83,10.0000,428483.00,-118581.00,50791.00,-74942.00
1111004,111,2,2243,宏旭控股股份有限公司,汽車工業,0.45,10.0000,897669.00,41389.00,-12535.00,19692.00
1111004,111,2,2247,汎德永業汽車股份有限公司,汽車工業,8.93,10.0000,22493328.00,895815.00,8205.00,720945.00
1111004,111,2,2250,第一化成控股(開曼)股份有限公司,汽車工業,1.74,10.0000,1484144.00,27255.00,42919.00,47053.00
1111004,111,2,2301,光寶科技股份有限公司,電腦及週邊設備業,2.66,10.0000,84187253.00,7351283.00,298804.00,6081824.00
1111004,111,2,2302,麗正國際科技股份有限公司,半導體業,0.56,10.0000,410142.00,83589.00,21099.00,92498.00
1111004,111,2,2303,聯華電子股份有限公司,半導體業,3.35,10.0000,135477960.00,50498191.00,-1272803.00,41556067.00
1111004,111,2,2305,全友電腦股份有限公司,電腦及週邊設備業,0.16,10.0000,213853.00,-52822.00,90371.00,32115.00
1111004,111,2,2308,台達電子工業股份有限公司,電子零組件業,5.27,10.0000,172534868.00,17123891.00,2246551.00,15672312.00
1111004,111,2,2312,金寶電子工業股份有限公司,其他電子業,0.40,10.0000,81556531.00,775472.00,141784.00,549642.00
1111004,111,2,2313,華通電腦股份有限公司,電子零組件業,2.79,10.0000,33881974.00,4212815.00,63098.00,3326125.00
1111004,111,2,2314,台揚科技股份有限公司,通信網路業,-1.15,10.0000,1960684.00,-225413.00,-34549.00,-269524.00
1111004,111,2,2316,楠梓電子股份有限公司,電子零組件業,1.60,10.0000,2837888.00,-50578.00,416878.00,289824.00
1111004,111,2,2317,鴻海精密工業股份有限公司,其他電子業,4.53,10.0000,2917363759.00,81005832.00,2858736.00,64273142.00
1111004,111,2,2321,東訊股份有限公司,通信網路業,0.16,10.0000,535213.00,1733.00,19997.00,18540.00
1111004,111,2,2323,中環股份有限公司,光電業,-0.60,10.0000,3918897.00,-239154.00,-440613.00,-697042.00
1111004,111,2,2324,仁寶電腦工業股份有限公司,電腦及週邊設備業,0.96,10.0000,533507523.00,4786801.00,1036493.00,4693411.00
1111004,111,2,2327,國巨股份有限公司,電子零組件業,22.65,10.0000,61456325.00,15373485.00,1049208.00,12199914.00
1111004,111,2,2328,廣宇科技股份有限公司,電子零組件業,0.93,10.0000,12173745.00,640837.00,147238.00,576832.00
1111004,111,2,2329,華泰電子股份有限公司,半導體業,1.13,10.0000,8127119.00,815531.00,161169.00,787747.00
1111004,111,2,2330,台灣積體電路製造股份有限公司,半導體業,16.96,10.0000,1025216681.00,485913867.00,6916110.00,440053626.00
1111004,111,2,2331,精英電腦股份有限公司,電腦及週邊設備業,0.93,10.0000,18242721.00,244647.00,418909.00,519602.00
1111004,111,2,2332,友訊科技股份有限公司,通信網路業,-0.29,10.0000,8171800.00,144702.00,-168360.00,-120190.00
1111004,111,2,2337,旺宏電子股份有限公司,半導體業,3.17,10.0000,22938003.00,6197831.00,597357.00,5864398.00
1111004,111,2,2338,台灣光罩股份有限公司,半導體業,-2.72,10.0000,3701813.00,642409.00,-1207505.00,-699437.00
1111004,111,2,2340,台亞半導體股份有限公司,半導體業,0.63,10.0000,2610733.00,337415.00,24220.00,273304.00
1111004,111,2,2342,台灣茂矽電子股份有限公司,半導體業,1.93,10.0000,1099862.00,183577.00,120801.00,304378.00
1111004,111,2,2344,華邦電子股份有限公司,半導體業,2.44,10.0000,53160547.00,12104345.00,1361428.00,10962130.00
1111004,111,2,2345,智邦科技股份有限公司,通信網路業,6.02,10.0000,34425741.00,3957165.00,266304.00,3360073.00
1111004,111,2,2347,聯強國際股份有限公司,電子通路業,2.95,10.0000,204218590.00,4281509.00,1991965.00,5141979.00
1111004,111,2,2348,海悅國際開發股份有限公司,其他,4.07,10.0000,2370867.00,791381.00,-77994.00,506540.00
1111004,111,2,2349,錸德科技股份有限公司,光電業,-0.10,10.0000,3632376.00,-85479.00,102971.00,-45763.00
1111004,111,2,2351,順德工業股份有限公司,半導體業,2.92,10.0000,5878422.00,653562.00,69308.00,561793.00
1111004,111,2,2352,佳世達科技股份有限公司,電腦及週邊設備業,0.77,10.0000,123660214.00,3587298.00,486541.00,2747835.00
1111004,111,2,2353,宏碁股份有限公司,電腦及週邊設備業,1.32,10.0000,150700068.00,5088338.00,552817.00,4221653.00
1111004,111,2,2354,鴻準精密工業股份有限公司,其他電子業,1.33,10.0000,42647021.00,1218496.00,2104169.00,1873141.00
1111004,111,2,2355,敬鵬工業股份有限公司,電子零組件業,0.31,10.0000,8703054.00,-92624.00,246480.00,122531.00
1111004,111,2,2356,英業達股份有限公司,電腦及週邊設備業,0.83,10.0000,264541817.00,2708068.00,755185.00,2949162.00
1111004,111,2,2357,華碩電腦股份有限公司,電腦及週邊設備業,16.59,10.0000,265344966.00,13425942.00,3528411.00,13462667.00
1111004,111,2,2358,廷鑫興業股份有限公司,其他,0.45,10.0000,1069740.00,87777.00,-15009.00,55572.00
1111004,111,2,2359,所羅門股份有限公司,其他電子業,1.62,10.0000,2903438.00,168579.00,214633.00,284412.00
1111004,111,2,2360,致茂電子股份有限公司,其他電子業,5.98,10.0000,9333865.00,2203526.00,862360.00,2543575.00
1111004,111,2,2362,藍天電腦股份有限公司,電腦及週邊設備業,1.07,10.0000,11214622.00,1164985.00,-349110.00,624637.00
1111004,111,2,2363,矽統科技股份有限公司,半導體業,1.00,10.0000,102884.00,-239196.00,964079.00,670102.00
1111004,111,2,2364,倫飛電腦實業股份有限公司,電腦及週邊設備業,1.38,10.0000,435906.00,-3127.00,37212.00,33952.00
1111004,111,2,2365,昆盈企業股份有限公司,電腦及週邊設備業,0.11,10.0000,545803.00,29466.00,7857.00,24692.00
1111004,111,2,2367,燿華電子股份有限公司,電子零組件業,0.01,10.0000,7967004.00,-69293.00,95756.00,4140.00
1111004,111,2,2368,金像電子(股)公司,電子零組件業,4.20,10.0000,15697407.00,2869849.00,262102.00,2271815.00
1111004,111,2,2369,菱生精密工業股份有限公司,半導體業,0.61,10.0000,3411619.00,236913.00,45850.00,239110.00
1111004,111,2,2371,大同股份有限公司,電機機械,0.41,10.0000,14486026.00,1491218.00,-1505959.00,-108533.00
1111004,111,2,2373,震旦行股份有限公司,其他電子業,1.88,10.0000,5753367.00,359889.00,195786.00,449946.00
1111004,111,2,2374,佳能企業股份有限公司,光電業,0.03,10.0000,2511744.00,-30363.00,79743.00,30966.00
1111004,111,2,2375,凱美電機股份有限公司,電子零組件業,3.15,10.0000,3086629.00,198913.00,366474.00,429468.00
1111004,111,2,2376,技嘉科技股份有限公司,電腦及週邊設備業,6.38,10.0000,55271900.00,4832237.00,864687.00,4047409.00
1111004,111,2,2377,微星科技股份有限公司,電腦及週邊設備業,9.24,10.0000,101054646.00,8783957.00,906218.00,7808784.00
1111004,111,2,2379,瑞昱半導體股份有限公司,半導體業,19.27,10.0000,60255655.00,9917776.00,359530.00,9863412.00
1111004,111,2,2380,虹光精密工業股份有限公司,電腦及週邊設備業,-0.17,10.0000,1352774.00,-53542.00,-1309.00,-34006.00
1111004,111,2,2382,廣達電腦股份有限公司,電腦及週邊設備業,2.78,10.0000,572248618.00,10955114.00,4141018.00,11072849.00
1111004,111,2,2383,台光電子材料股份有限公司,電子零組件業,7.23,10.0000,19901743.00,3104673.00,11775.00,2409488.00
1111004,111,2,2385,群光電子股份有限公司,電子零組件業,4.91,10.0000,57497453.00,4975326.00,360731.00,4241265.00
1111004,111,2,2387,精電腦股份有限公司,電腦及週邊設備業,2.56,10.0000,11050872.00,404552.00,439932.00,594389.00
1111004,111,2,2388,威盛電子股份有限公司,半導體業,-0.59,10.0000,4497220.00,85148.00,87252.00,-56518.00
1111004,111,2,2390,云辰電子開發股份有限公司,其他電子業,-1.62,10.0000,279522.00,-28122.00,-282971.00,-346452.00
1111004,111,2,2392,正崴精密工業股份有限公司,電子零組件業,1.06,10.0000,39643649.00,774929.00,389400.00,739292.00
1111004,111,2,2393,億光電子工業股份有限公司,光電業,1.94,10.0000,10653927.00,904212.00,268222.00,906222.00
1111004,111,2,2395,研華股份有限公司,電腦及週邊設備業,6.49,10.0000,32944012.00,6122301.00,184954.00,5031826.00
1111004,111,2,2397,友通資訊股份有限公司,電腦及週邊設備業,1.74,10.0000,7722992.00,303049.00,31292.00,257423.00
1111004,111,2,2399,映泰股份有限公司,電腦及週邊設備業,0.14,10.0000,1183363.00,59914.00,-10206.00,24111.00
1111004,111,2,2401,凌陽科技股份有限公司,半導體業,0.56,10.0000,4099108.00,531020.00,296705.00,668442.00
1111004,111,2,2402,毅嘉科技股份有限公司,電子零組件業,0.44,10.0000,3436714.00,108615.00,50848.00,130925.00
1111004,111,2,2404,漢唐集成股份有限公司,其他電子業,7.44,10.0000,15803150.00,1932639.00,-80710.00,1432940.00
1111004,111,2,2405,輔信科技股份有限公司,電腦及週邊設備業,0.12,10.0000,918440.00,34164.00,18769.00,42608.00
1111004,111,2,2406,國碩科技工業股份有限公司,光電業,-0.02,10.0000,3654826.00,-67032.00,100052.00,-4359.00
1111004,111,2,2408,南亞科技股份有限公司,半導體業,4.24,10.0000,37976997.00,11626348.00,3506867.00,13124860.00
1111004,111,2,2409,友達光電股份有限公司,光電業,-0.05,10.0000,144412304.00,653143.00,1718047.00,-522587.00
1111004,111,2,2412,中華電信股份有限公司,通信網路業,2.41,10.0000,103730449.00,23685893.00,491398.00,19426469.00
1111004,111,2,2413,環隆科技股份有限公司,電子零組件業,0.57,10.0000,2127488.00,59076.00,43305.00,71483.00
1111004,111,2,2414,精技電腦股份有限公司,電子通路業,1.69,10.0000,11543188.00,381162.00,869.00,306408.00
1111004,111,2,2415,錩新科技股份有限公司,電子零組件業,0.89,10.0000,1350471.00,170752.00,-32904.00,100515.00
1111004,111,2,2417,圓剛科技股份有限公司,電腦及週邊設備業,0.39,10.0000,2093200.00,111342.00,65167.00,162221.00
1111004,111,2,2419,仲琦科技股份有限公司,通信網路業,0.76,10.0000,5480133.00,398763.00,-2612.00,286631.00
1111004,111,2,2420,新巨企業股份有限公司,電子零組件業,2.17,10.0000,1368526.00,342304.00,85149.00,332528.00
1111004,111,2,2421,建準電機工業股份有限公司,電子零組件業,1.81,10.0000,6606375.00,425432.00,141884.00,453398.00
1111004,111,2,2423,固緯電子實業股份有限公司,其他電子業,1.24,10.0000,1371614.00,227061.00,25159.00,179353.00
1111004,111,2,2424,隴華電子股份有限公司,電腦及週邊設備業,-2.53,10.0000,36728.00,-83596.00,-2526.00,-86122.00
1111004,111,2,2425,承啟科技股份有限公司,電腦及週邊設備業,1.77,10.0000,3078074.00,155144.00,65474.00,176393.00
1111004,111,2,2426,鼎光電科技股份有限公司,光電業,-0.18,10.0000,1349890.00,140981.00,-159317.00,-52637.00
1111004,111,2,2427,三商電腦股份有限公司,資訊服務業,0.62,10.0000,1917931.00,159332.00,-10645.00,114539.00
1111004,111,2,2428,興勤電子工業股份有限公司,電子零組件業,6.28,10.0000,3699731.00,827038.00,240060.00,810753.00
1111004,111,2,2429,銘旺科技股份有限公司,光電業,-0.57,10.0000,285403.00,-15910.00,-685.00,-22258.00
1111004,111,2,2430,燦坤實業股份有限公司,電子通路業,2.18,10.0000,11692080.00,426976.00,4824.00,348478.00
1111004,111,2,2431,聯昌電子企業股份有限公司,電子零組件業,-0.05,10.0000,520663.00,-46061.00,42393.00,-6063.00
1111004,111,2,2433,互盛股份有限公司,其他電子業,1.27,10.0000,1622814.00,234397.00,14665.00,196771.00
1111004,111,2,2434,統懋半導體股份有限公司,半導體業,-0.79,10.0000,48341.00,-32209.00,3155.00,-29054.00
1111004,111,2,2436,偉詮電子股份有限公司,半導體業,0.93,10.0000,1611011.00,261615.00,-57014.00,162824.00
1111004,111,2,2438,翔耀實業股份有限公司,光電業,-0.10,10.0000,123244.00,-501.00,5066.00,562.00
1111004,111,2,2439,美律實業股份有限公司,通信網路業,2.35,10.0000,14022811.00,250017.00,461304.00,617944.00
1111004,111,2,2440,太空梭高傳真資訊科技(股)公司,電子零組件業,-0.20,10.0000,1734155.00,509.00,-11090.00,-27948.00
1111004,111,2,2441,超豐電子股份有限公司,半導體業,3.97,10.0000,9403303.00,2691037.00,187076.00,2259552.00
1111004,111,2,2442,新美齊股份有限公司,電腦及週邊設備業,0.41,10.0000,485761.00,59566.00,52666.00,94808.00
1111004,111,2,2443,昶虹國際股份有限公司,其他,-0.51,10.0000,12099.00,-62446.00,-12127.00,-74573.00
1111004,111,2,2444,兆勁科技股份有限公司,通信網路業,0.31,10.0000,820654.00,31761.00,26428.00,31858.00
1111004,111,2,2449,京電子股份有限公司,半導體業,3.14,10.0000,18912098.00,5001287.00,755.00,3919031.00
1111004,111,2,2450,神腦國際企業股份有限公司,通信網路業,1.13,10.0000,15041968.00,188638.00,184114.00,291059.00
1111004,111,2,2451,創見資訊股份有限公司,半導體業,4.49,10.0000,6456124.00,1093184.00,1569468.00,1924695.00
1111004,111,2,2453,凌群電腦股份有限公司,資訊服務業,0.96,10.0000,2494769.00,84224.00,35234.00,94002.00
1111004,111,2,2454,聯發科技股份有限公司,半導體業,43.40,10.0000,298440670.00,75648167.00,3259252.00,69025258.00
1111004,111,2,2455,全新光電科技股份有限公司,通信網路業,2.17,10.0000,1575473.00,419563.00,64226.00,401922.00
1111004,111,2,2457,飛宏科技股份有限公司,電子零組件業,-0.03,10.0000,6361076.00,-153799.00,135643.00,-10433.00
1111004,111,2,2458,義隆電子股份有限公司,半導體業,5.56,10.0000,8247187.00,2232647.00,-151635.00,1533658.00
1111004,111,2,2459,敦吉科技股份有限公司,其他電子業,2.35,10.0000,3428658.00,312337.00,51835.00,270134.00
1111004,111,2,2460,建通精密工業股份有限公司,電子零組件業,0.02,10.0000,1650361.00,-38726.00,40133.00,2676.00
1111004,111,2,2461,光群雷射科技股份有限公司,其他電子業,1.00,10.0000,3304541.00,42485.00,114063.00,123042.00
1111004,111,2,2462,台灣良得電子股份有限公司,電子零組件業,0.17,10.0000,2451119.00,-47161.00,82665.00,23782.00
1111004,111,2,2464,盟立自動化股份有限公司,其他電子業,1.79,10.0000,5230570.00,256929.00,146978.00,353755.00
1111004,111,2,2465,麗臺科技股份有限公司,電腦及週邊設備業,-0.78,10.0000,2611463.00,-35417.00,-26.00,-41421.00
1111004,111,2,2466,冠西電子企業股份有限公司,光電業,0.31,10.0000,779340.00,54448.00,36.00,51185.00
1111004,111,2,2467,志聖工業股份有限公司,電子零組件業,2.27,10.0000,2559688.00,363887.00,106366.00,385666.00
1111004,111,2,2468,華經資訊企業股份有限公司,資訊服務業,0.47,10.0000,1040892.00,31088.00,9445.00,32751.00
1111004,111,2,2471,資通電腦股份有限公司,資訊服務業,1.17,10.0000,376166.00,30815.00,37920.00,55118.00
1111004,111,2,2472,立隆電子工業股份有限公司,電子零組件業,3.95,10.0000,5432683.00,1062405.00,173466.00,927924.00
1111004,111,2,2474,可成科技股份有限公司,其他電子業,7.67,10.0000,12499384.00,1700114.00,5828275.00,5563537.00
1111004,111,2,2476,鉅祥企業股份有限公司,電子零組件業,2.12,10.0000,3164767.00,482104.00,120423.00,455293.00
1111004,111,2,2477,美隆工業股份有限公司,其他電子業,-0.13,10.0000,2050247.00,52394.00,140928.00,-26178.00
1111004,111,2,2478,大毅科技股份有限公司,電子零組件業,3.02,10.0000,2743183.00,386117.00,135519.00,439024.00
1111004,111,2,2480,敦陽科技股份有限公司,資訊服務業,3.32,10.0000,3216567.00,406850.00,27923.00,352969.00
1111004,111,2,2481,強茂股份有限公司,半導體業,3.09,10.0000,7201231.00,1120189.00,293125.00,1172765.00
1111004,111,2,2482,連宇股份有限公司,其他電子業,1.38,10.0000,501705.00,46420.00,88490.00,96695.00
1111004,111,2,2483,百容電子股份有限公司,電子零組件業,1.12,10.0000,1202083.00,88145.00,70769.00,123643.00
1111004,111,2,2484,希華晶體科技股份有限公司,電子零組件業,2.54,10.0000,1744410.00,412232.00,108849.00,404811.00
1111004,111,2,2485,兆赫電子股份有限公司,通信網路業,-0.30,10.0000,2756150.00,-190121.00,102060.00,-104076.00
1111004,111,2,2486,一詮精密工業股份有限公司,光電業,0.32,10.0000,2772083.00,9915.00,84243.00,67874.00
1111004,111,2,2488,漢平電子工業股份有限公司,其他電子業,1.31,10.0000,1370253.00,85396.00,63475.00,103430.00
1111004,111,2,2489,瑞軒科技股份有限公司,光電業,-4.43,10.0000,8897712.00,52517.00,-4323002.00,-3372804.00
1111004,111,2,2491,吉祥全球實業股份有限公司,光電業,-3.52,10.0000,-289917.00,-435244.00,-80135.00,-515421.00
1111004,111,2,2492,華新科技股份有限公司,電子零組件業,3.35,10.0000,19567300.00,1987709.00,790373.00,2139544.00
1111004,111,2,2493,揚博科技股份有限公司,電子零組件業,2.50,10.0000,1781039.00,370593.00,-9828.00,286374.00
1111004,111,2,2495,普安科技股份有限公司,電腦及週邊設備業,0.22,10.0000,590349.00,35150.00,33472.00,61236.00
1111004,111,2,2496,卓越成功股份有限公司,其他,1.43,10.0000,311581.00,32200.00,1647.00,27309.00
1111004,111,2,2497,怡利電子工業股份有限公司,汽車工業,1.24,10.0000,1546956.00,105932.00,117364.00,147893.00
1111004,111,2,2498,宏達國際電子股份有限公司,通信網路業,-1.82,10.0000,2112614.00,-2162697.00,657679.00,-1503610.00
1111004,111,2,2501,國泰建設股份有限公司,建材營造,-0.28,10.0000,3398832.00,-209821.00,-85359.00,-295995.00
1111004,111,2,2504,國產建材實業股份有限公司,建材營造,2.37,10.0000,10106612.00,1496930.00,1822082.00,2841086.00
1111004,111,2,2505,國揚實業股份有限公司,建材營造,1.16,10.0000,3087129.00,390657.00,96045.00,439010.00
1111004,111,2,2506,太平洋建設股份有限公司,建材營造,2.06,10.0000,427320.00,890437.00,29548.00,818612.00
1111004,111,2,2509,全坤建設開發股份有限公司,建材營造,-0.31,10.0000,98968.00,-38130.00,-30831.00,-68961.00
1111004,111,2,2511,太子建設開發股份有限公司,建材營造,0.54,10.0000,8353714.00,1504508.00,-399306.00,843179.00
1111004,111,2,2514,龍邦國際興業股份有限公司,其他,0.30,10.0000,3967377.00,95393.00,80932.00,113914.00
1111004,111,2,2515,中華工程股份有限公司,建材營造,0.32,10.0000,6512620.00,180635.00,416461.00,482375.00
1111004,111,2,2516,新亞建設開發股份有限公司,建材營造,-1.45,10.0000,3282128.00,-318641.00,-9736.00,-328377.00
1111004,111,2,2520,冠德建設股份有限公司,建材營造,2.35,10.0000,9675986.00,2016870.00,-101414.00,1537691.00
1111004,111,2,2524,京城建設股份有限公司,建材營造,0.97,10.0000,1798902.00,564190.00,-101175.00,358782.00
1111004,111,2,2527,宏璟建設股份有限公司,建材營造,0.52,10.0000,1021098.00,243984.00,-46311.00,128266.00
1111004,111,2,2528,皇普建設股份有限公司,建材營造,0.48,10.0000,1136378.00,223960.00,-8316.00,176822.00
1111004,111,2,2530,大華建設股份有限公司,建材營造,0.06,10.0000,443806.00,44431.00,1878.00,43450.00
1111004,111,2,2534,宏盛建設股份有限公司,建材營造,1.35,10.0000,2234714.00,727330.00,-57930.00,636860.00
1111004,111,2,2535,達欣工程股份有限公司,建材營造,1.84,10.0000,8191240.00,1010249.00,-230032.00,585188.00
1111004,111,2,2536,宏普建設股份有限公司,建材營造,0.31,10.0000,550622.00,299113.00,-113358.00,100288.00
1111004,111,2,2537,聯上開發股份有限公司,建材營造,0.30,10.0000,1356767.00,193752.00,-59074.00,91037.00
1111004,111,2,2538,基泰建設股份有限公司,建材營造,0.30,10.0000,199315.00,20664.00,133402.00,149238.00
1111004,111,2,2539,櫻花建設股份有限公司,建材營造,1.24,10.0000,3168198.00,1050608.00,-8114.00,800230.00
1111004,111,2,2540,愛山林建設開發股份有限公司,建材營造,0.68,10.0000,2122965.00,202228.00,-48304.00,109258.00
1111004,111,2,2542,興富發建設股份有限公司,建材營造,0.70,10.0000,8766204.00,1682811.00,-387150.00,1088957.00
1111004,111,2,2543,皇昌營造股份有限公司,建材營造,0.84,10.0000,3986681.00,237758.00,-22960.00,209728.00
1111004,111,2,2545,皇翔建設股份有限公司,建材營造,4.31,10.0000,4015324.00,1323219.00,139798.00,1412140.00
1111004,111,2,2546,根基營造股份有限公司,建材營造,2.76,10.0000,5003006.00,393921.00,-2835.00,292421.00
1111004,111,2,2547,日勝生活科技股份有限公司,建材營造,0.07,10.0000,2713949.00,460253.00,-305351.00,61543.00
1111004,111,2,2548,華固建設股份有限公司,建材營造,9.92,10.0000,12715162.00,3406057.00,15427.00,2749177.00
1111004,111,2,2597,潤弘精密工程事業股份有限公司,建材營造,4.19,10.0000,11332420.00,961497.00,3489.00,752373.00
1111004,111,2,2601,益航股份有限公司,貿易百貨,0.13,10.0000,3301064.00,402052.00,-339449.00,2947.00
1111004,111,2,2603,長榮海運股份有限公司,航運業,38.49,10.0000,345823872.00,232732649.00,9968950.00,211664662.00
1111004,111,2,2605,新興航運股份有限公司,航運業,0.09,10.0000,1866809.00,190288.00,-100220.00,109716.00
1111004,111,2,2606,裕民航運股份有限公司,航運業,2.44,10.0000,6837830.00,2148865.00,-18584.00,2064198.00
1111004,111,2,2607,長榮國際儲運股份有限公司,航運業,1.91,10.0000,8918442.00,1711358.00,782188.00,2108624.00
1111004,111,2,2608,嘉里大榮物流股份有限公司,航運業,1.32,10.0000,6383402.00,795770.00,33047.00,676726.00
1111004,111,2,2609,陽明海運股份有限公司,航運業,33.25,10.0000,216151750.00,143253937.00,8698212.00,116323952.00
1111004,111,2,2610,中華航空股份有限公司,航運業,0.58,10.0000,74085517.00,4586184.00,-606118.00,3153105.00
1111004,111,2,2611,志信國際股份有限公司,航運業,-1.92,10.0000,409793.00,17315.00,-328401.00,-317357.00
1111004,111,2,2612,中國航運股份有限公司,航運業,1.87,10.0000,2215308.00,501950.00,-89852.00,366100.00
1111004,111,2,2613,中國貨櫃運輸股份有限公司,航運業,0.71,10.0000,1614463.00,195414.00,-58448.00,98228.00
1111004,111,2,2614,東森國際股份有限公司,其他,0.26,10.0000,2878797.00,91833.00,83513.00,130672.00
1111004,111,2,2615,萬海航運股份有限公司,航運業,25.21,10.0000,155628586.00,88164691.00,2867831.00,70799249.00
1111004,111,2,2616,山隆通運股份有限公司,油電燃氣業,1.47,10.0000,9559466.00,101634.00,126926.00,203826.00
1111004,111,2,2617,台灣航業股份有限公司,航運業,3.13,10.0000,1820346.00,543044.00,849261.00,1304405.00
1111004,111,2,2618,長榮航空股份有限公司,航運業,0.98,10.0000,63421829.00,6671153.00,60851.00,5404959.00
1111004,111,2,2630,亞洲航空股份有限公司,航運業,0.02,10.0000,1886872.00,5095.00,-1811.00,2607.00
1111004,111,2,2633,台灣高速鐵路股份有限公司,航運業,0.15,10.0000,15655953.00,2471758.00,-1604192.00,835875.00
1111004,111,2,2634,漢翔航空工業股份有限公司,航運業,0.85,10.0000,13127773.00,628048.00,357384.00,802114.00
1111004,111,2,2636,台驊國際投資控股股份有限公司,航運業,14.11,10.0000,18150564.00,1913161.00,732193.00,2050870.00
1111004,111,2,2637,慧洋海運股份有限公司,航運業,9.30,10.0000,13333445.00,7072433.00,-124283.00,6938158.00
1111004,111,2,2642,台灣宅配通股份有限公司,航運業,1.12,10.0000,2242891.00,114502.00,14465.00,106751.00
1111004,111,2,2701,萬華企業股份有限公司,觀光事業,0.24,10.0000,113810.00,53209.00,73067.00,107123.00
1111004,111,2,2702,華園飯店股份有限公司,觀光事業,0.54,10.0000,600281.00,12600.00,114919.00,59292.00
1111004,111,2,2704,國賓大飯店股份有限公司,觀光事業,0.01,10.0000,690153.00,-158090.00,165967.00,5086.00
1111004,111,2,2705,六福開發股份有限公司,觀光事業,-2.05,10.0000,515765.00,-305967.00,-86420.00,-392387.00
1111004,111,2,2706,第一華僑大飯店股份有限公司,觀光事業,0.32,10.0000,141756.00,99066.00,92071.00,159446.00
1111004,111,2,2707,晶華國際酒店股份有限公司,觀光事業,2.67,10.0000,2462586.00,440153.00,66763.00,390465.00
1111004,111,2,2712,遠雄悅來大飯店股份有限公司,觀光事業,-0.35,10.0000,164928.00,-40283.00,3652.00,-36606.00
1111004,111,2,2722,夏都國際開發股份有限公司,觀光事業,0.21,10.0000,332926.00,27375.00,-1736.00,18950.00
1111004,111,2,2723,開曼美食達人股份有限公司,觀光事業,1.05,10.0000,9230516.00,303534.00,17945.00,204656.00
1111004,111,2,2727,王品餐飲股份有限公司,觀光事業,-1.36,10.0000,8204691.00,-93666.00,-76816.00,-187115.00
1111004,111,2,2731,雄獅旅行社股份有限公司,觀光事業,-5.07,10.0000,969272.00,-438443.00,29232.00,-404805.00
1111004,111,2,2739,寒舍餐旅管理顧問股份有限公司,觀光事業,-3.21,10.0000,1336180.00,-282256.00,-104822.00,-294091.00
1111004,111,2,2748,雲品國際酒店股份有限公司,觀光事業,0.40,10.0000,881429.00,52842.00,-7596.00,36253.00
1111004,111,2,2753,八方雲集國際股份有限公司,觀光事業,4.84,10.0000,3252456.00,371141.00,33218.00,311823.00
1111004,111,2,2801,彰化商業銀行股份有限公司,金融保險業,0.50,10.0000,15961881.00,--,--,5319857.00
1111004,111,2,2809,京城商業銀行股份有限公司,金融保險業,0.76,10.0000,1714963.00,--,--,851504.00
1111004,111,2,2812,台中商業銀行股份有限公司,金融保險業,0.55,10.0000,7044451.00,--,--,2606265.00
1111004,111,2,2816,旺旺友聯產物保險股份有限公司,金融保險業,-3.65,10.0000,3877342.00,-812397.00,4100.00,-815573.00
1111004,111,2,2820,中華票券金融股份有限公司,金融保險業,0.45,10.0000,936592.00,--,--,601507.00
1111004,111,2,2832,台灣產物保險股份有限公司,金融保險業,1.01,10.0000,3008735.00,468297.00,171.00,366059.00
1111004,111,2,2834,臺灣中小企業銀行股份有限公司,金融保險業,0.52,10.0000,12926226.00,--,--,4160644.00
1111004,111,2,2836,高雄銀行股份有限公司,金融保險業,0.45,10.0000,2066808.00,--,--,572788.00
1111004,111,2,2838,聯邦商業銀行股份有限公司,金融保險業,0.19,10.0000,6997359.00,--,--,1147891.00
1111004,111,2,2845,遠東國際商業銀行股份有限公司,金融保險業,0.47,10.0000,5491747.00,--,--,1649401.00
1111004,111,2,2849,安泰商業銀行股份有限公司,金融保險業,0.59,10.0000,3136468.00,--,--,1149190.00
1111004,111,2,2850,新光產物保險股份有限公司,金融保險業,3.00,10.0000,9249513.00,1165091.00,6435.00,947811.00
1111004,111,2,2851,中央再保險股份有限公司,金融保險業,0.23,10.0000,11624310.00,-116587.00,9.00,138649.00
1111004,111,2,2852,第一產物保險股份有限公司,金融保險業,0.95,10.0000,3409426.00,345148.00,-59.00,285867.00
1111004,111,2,2855,統一綜合證券股份有限公司,金融保險業,-0.11,10.0000,2555686.00,-141601.00,102012.00,-162745.00
1111004,111,2,2867,三商美邦人壽保險股份有限公司,金融保險業,-2.31,10.0000,52777426.00,-5382845.00,62837.00,-6718321.00
1111004,111,2,2880,華南金融控股股份有限公司,金融保險業,0.59,10.0000,25814609.00,--,--,7984018.00
1111004,111,2,2881,富邦金融控股股份有限公司,金融保險業,5.62,10.0000,226140188.00,--,--,70283738.00
1111004,111,2,2882,國泰金融控股股份有限公司,金融保險業,3.45,10.0000,237796265.00,--,--,49313394.00
1111004,111,2,2883,中華開發金融控股股份有限公司,金融保險業,0.81,10.0000,74234053.00,--,--,13631909.00
1111004,111,2,2884,玉山金融控股股份有限公司,金融保險業,0.50,10.0000,25683759.00,--,--,7095045.00
1111004,111,2,2885,大金融控股股份有限公司,金融保險業,0.92,10.0000,50292485.00,--,--,12169019.00
1111004,111,2,2886,兆豐金融控股股份有限公司,金融保險業,0.57,10.0000,27285568.00,--,--,7956454.00
1111004,111,2,2887,台新金融控股股份有限公司,金融保險業,0.32,10.0000,30976832.00,--,--,4470566.00
1111004,111,2,2888,新光金融控股股份有限公司,金融保險業,0.16,10.0000,76366361.00,--,--,2915877.00
1111004,111,2,2889,國票金融控股股份有限公司,金融保險業,0.25,10.0000,3082047.00,--,--,969317.00
1111004,111,2,2890,永豐金融控股股份有限公司,金融保險業,0.72,10.0000,24107791.00,--,--,8227827.00
1111004,111,2,2891,中國信託金融控股股份有限公司,金融保險業,1.19,10.0000,100627323.00,--,--,24880418.00
1111004,111,2,2892,第一金融控股股份有限公司,金融保險業,0.77,10.0000,32368691.00,--,--,10235621.00
1111004,111,2,2897,王道商業銀行股份有限公司,金融保險業,0.32,10.0000,4375680.00,--,--,1448730.00
1111004,111,2,2901,欣欣大眾市場股份有限公司,貿易百貨,0.13,10.0000,59525.00,6289.00,5408.00,9294.00
1111004,111,2,2903,遠東百貨股份有限公司,貿易百貨,0.36,10.0000,16206939.00,1531001.00,-389995.00,799271.00
1111004,111,2,2904,匯僑股份有限公司,其他,0.73,10.0000,236966.00,38955.00,27231.00,50597.00
1111004,111,2,2905,三商投資控股股份有限公司,貿易百貨,-2.73,10.0000,116481834.00,--,--,-6026245.00
1111004,111,2,2906,高林實業股份有限公司,貿易百貨,0.31,10.0000,4752173.00,252057.00,24568.00,210234.00
1111004,111,2,2908,特力股份有限公司,貿易百貨,0.70,10.0000,19975369.00,126438.00,243664.00,357944.00
1111004,111,2,2910,統領百貨股份有限公司,貿易百貨,0.15,10.0000,306929.00,71364.00,-45032.00,25769.00
1111004,111,2,2911,麗嬰房股份有限公司,貿易百貨,-1.62,10.0000,1508390.00,-318005.00,29569.00,-294719.00
1111004,111,2,2912,統一超商股份有限公司,貿易百貨,4.45,10.0000,138797789.00,6096851.00,775793.00,5464934.00
1111004,111,2,2913,台灣農林股份有限公司,貿易百貨,-0.04,10.0000,176503.00,-77611.00,44305.00,-32625.00
1111004,111,2,2915,潤泰全球股份有限公司,貿易百貨,14.76,10.0000,1538464.00,19818.00,10996199.00,10305718.00
1111004,111,2,2923,鼎固控股有限公司,建材營造,0.63,10.0000,6490827.00,3158045.00,-162483.00,1091007.00
1111004,111,2,2929,淘帝國際控股有限公司,貿易百貨,-0.43,10.0000,1250460.00,-54528.00,31164.00,-46322.00
1111004,111,2,2939,凱羿國際集團股份有限公司,貿易百貨,0.57,10.0000,449773.00,-37514.00,66272.00,22070.00
1111004,111,2,2945,三商家購股份有限公司,貿易百貨,0.09,10.0000,6861909.00,-3946.00,9000.00,3513.00
1111004,111,2,3002,歐格電子股份有限公司,電腦及週邊設備業,-0.10,10.0000,396187.00,11032.00,-16664.00,-5477.00
1111004,111,2,3003,健和興端子股份有限公司,電子零組件業,3.34,10.0000,2476814.00,551308.00,193443.00,524024.00
1111004,111,2,3004,豐達科技股份有限公司(原宏達),鋼鐵工業,0.50,10.0000,921798.00,27084.00,-24262.00,26255.00
1111004,111,2,3005,神基投資控股股份有限公司,電腦及週邊設備業,1.30,10.0000,15043270.00,1176273.00,-250576.00,812647.00
1111004,111,2,3006,晶豪科技股份有限公司,半導體業,6.76,10.0000,10040490.00,1581516.00,696066.00,1897613.00
1111004,111,2,3008,大立光電股份有限公司,光電業,78.36,10.0000,19807819.00,8044889.00,4917863.00,10458494.00
1111004,111,2,3010,華立企業股份有限公司,電子通路業,6.04,10.0000,37846116.00,1499140.00,573936.00,1559108.00
1111004,111,2,3011,今皓實業股份有限公司,電子零組件業,-0.17,10.0000,835041.00,-23219.00,35482.00,-19569.00
1111004,111,2,3013,晟銘電子科技股份有限公司,電腦及週邊設備業,0.25,10.0000,2503967.00,-26475.00,92612.00,45035.00
1111004,111,2,3014,聯陽半導體股份有限公司,半導體業,4.34,10.0000,2983281.00,837211.00,19270.00,699664.00
1111004,111,2,3015,全漢企業股份有限公司,電子零組件業,1.52,10.0000,7483208.00,244239.00,162294.00,321226.00
1111004,111,2,3016,嘉晶電子股份有限公司,半導體業,1.38,10.0000,3006262.00,453062.00,38795.00,393486.00
1111004,111,2,3017,奇鋐科技股份有限公司,電腦及週邊設備業,5.21,10.0000,26356893.00,2863915.00,42109.00,2079361.00
1111004,111,2,3018,隆銘綠能科技工程股份有限公司,其他電子業,0.22,10.0000,912356.00,33469.00,-19652.00,16956.00
1111004,111,2,3019,亞洲光學股份有限公司,光電業,1.28,10.0000,9362864.00,501615.00,204471.00,565966.00
1111004,111,2,3021,鴻名企業股份有限公司,電子零組件業,0.99,10.0000,1897135.00,140431.00,12111.00,92280.00
1111004,111,2,3022,威強電工業電腦股份有限公司,電腦及週邊設備業,3.26,10.0000,3205659.00,465438.00,258049.00,575388.00
1111004,111,2,3023,信邦電子股份有限公司,電子零組件業,6.13,10.0000,14438814.00,1642033.00,325140.00,1512117.00
1111004,111,2,3024,憶聲電子股份有限公司,光電業,0.18,10.0000,785855.00,31417.00,27133.00,50211.00
1111004,111,2,3025,星通資訊股份有限公司,通信網路業,0.64,10.0000,242158.00,18649.00,38623.00,45447.00
1111004,111,2,3026,禾伸堂企業股份有限公司,電子零組件業,5.41,10.0000,8151827.00,1020996.00,17460.00,808772.00
1111004,111,2,3027,盛達電業股份有限公司,通信網路業,0.27,10.0000,501877.00,6772.00,37976.00,30892.00
1111004,111,2,3028,增你強股份有限公司,電子通路業,2.08,10.0000,22744362.00,683306.00,-120069.00,447346.00
1111004,111,2,3029,零壹科技股份有限公司,資訊服務業,1.89,10.0000,6040943.00,348762.00,11508.00,287810.00
1111004,111,2,3030,德律科技股份有限公司,其他電子業,4.72,10.0000,3761071.00,1271257.00,177500.00,1114972.00
1111004,111,2,3031,佰鴻工業股份有限公司,光電業,0.65,10.0000,785815.00,60821.00,44741.00,110100.00
1111004,111,2,3032,偉訓科技股份有限公司,電子零組件業,1.59,10.0000,3209942.00,177507.00,140117.00,249570.00
1111004,111,2,3033,威健實業股份有限公司,電子通路業,2.50,10.0000,34345562.00,1511215.00,-65992.00,1048746.00
1111004,111,2,3034,聯詠科技股份有限公司,半導體業,32.25,10.0000,67972827.00,23264775.00,996912.00,19621663.00
1111004,111,2,3035,智原科技股份有限公司,半導體業,5.36,10.0000,6571587.00,1560054.00,125857.00,1410390.00
1111004,111,2,3036,文曄科技股份有限公司,電子通路業,5.00,10.0000,258063783.00,6234694.00,-447141.00,4388258.00
1111004,111,2,3037,欣興電子股份有限公司,電子零組件業,9.28,10.0000,66345981.00,17539185.00,1059411.00,14273708.00
1111004,111,2,3038,全台晶像股份有限公司,光電業,1.31,10.0000,2225155.00,164681.00,68679.00,194530.00
1111004,111,2,3040,遠見科技股份有限公司,其他,0.67,10.0000,74267.00,34626.00,26112.00,42418.00
1111004,111,2,3041,揚智科技股份有限公司,半導體業,0.23,10.0000,1456045.00,88726.00,-33125.00,46063.00
1111004,111,2,3042,台灣晶技股份有限公司,電子零組件業,4.88,10.0000,6730580.00,1468160.00,374357.00,1510442.00
1111004,111,2,3043,科風股份有限公司,其他電子業,0.31,10.0000,511378.00,-6310.00,66778.00,60468.00
1111004,111,2,3044,健鼎科技股份有限公司,電子零組件業,5.54,10.0000,33931306.00,3157226.00,486877.00,2912007.00
1111004,111,2,3045,台灣大哥大股份有限公司,通信網路業,2.03,10.0000,81136730.00,8492790.00,-239887.00,6652328.00
1111004,111,2,3046,建碁股份有限公司,電腦及週邊設備業,1.37,10.0000,1596799.00,29120.00,69736.00,98066.00
1111004,111,2,3047,訊舟科技股份有限公司,通信網路業,0.62,10.0000,2894027.00,42771.00,84493.00,109699.00
1111004,111,2,3048,益登科技股份有限公司,電子通路業,2.25,10.0000,56510786.00,858290.00,-117399.00,584651.00
1111004,111,2,3049,和鑫光電股份有限公司,光電業,0.19,10.0000,1308395.00,97298.00,97140.00,168496.00
1111004,111,2,3050,鈺德科技股份有限公司,光電業,0.07,10.0000,521068.00,36438.00,-14998.00,11871.00
1111004,111,2,3051,力特光電科技股份有限公司,光電業,1.72,10.0000,1603199.00,202713.00,77566.00,293056.00
1111004,111,2,3052,夆典科技開發股份有限公司,建材營造,0.46,10.0000,1375060.00,106088.00,16878.00,92183.00
1111004,111,2,3054,立萬利創新股份有限公司,半導體業,-1.20,10.0000,15926.00,-19608.00,-76496.00,-96966.00
1111004,111,2,3055,蔚華科技股份有限公司,電子通路業,-1.50,10.0000,931122.00,-157030.00,-37691.00,-186909.00
1111004,111,2,3056,總太地產開發股份有限公司,建材營造,1.34,10.0000,2102110.00,309061.00,12714.00,284287.00
1111004,111,2,3057,喬鼎資訊股份有限公司,電腦及週邊設備業,0.25,10.0000,534759.00,10367.00,12568.00,22201.00
1111004,111,2,3058,立德電子股份有限公司,電子零組件業,-1.03,10.0000,2236734.00,-114840.00,-42240.00,-161592.00
1111004,111,2,3059,華晶科技股份有限公司,光電業,0.80,10.0000,6725135.00,198468.00,94583.00,212287.00
1111004,111,2,3060,銘異科技股份有限公司,電腦及週邊設備業,0.73,10.0000,1925107.00,25555.00,112779.00,93350.00
1111004,111,2,3062,建漢科技股份有限公司,通信網路業,-0.60,10.0000,1956227.00,-183290.00,-9883.00,-195841.00
1111004,111,2,3090,日電貿股份有限公司,電子零組件業,3.00,10.0000,5952728.00,660842.00,99371.00,591768.00
1111004,111,2,3092,鴻碩精密電工股份有限公司,電子零組件業,0.73,10.0000,2004065.00,93189.00,-1629.00,67554.00
1111004,111,2,3094,聯傑國際股份有限公司,半導體業,0.47,10.0000,157111.00,38892.00,10739.00,38305.00
1111004,111,2,3130,一零四資訊科技股份有限公司,資訊服務業,7.72,10.0000,1072500.00,299827.00,10961.00,255698.00
1111004,111,2,3138,耀登科技股份有限公司,通信網路業,1.43,10.0000,766108.00,51100.00,35408.00,66835.00
1111004,111,2,3149,正達國際光電股份有限公司,光電業,-0.68,10.0000,1152781.00,-199063.00,56329.00,-142734.00
1111004,111,2,3164,景岳生物科技股份有限公司,生技醫療業,0.41,10.0000,186445.00,40194.00,1316.00,31039.00
1111004,111,2,3167,大量科技股份有限公司,電機機械,3.84,10.0000,1442066.00,132521.00,224535.00,307105.00
1111004,111,2,3189,景碩科技股份有限公司,半導體業,8.04,10.0000,21467870.00,4803981.00,335649.00,4016045.00
1111004,111,2,3209,全科科技股份有限公司,電子通路業,2.84,10.0000,29344836.00,611060.00,214605.00,613362.00
1111004,111,2,3229,晟鈦股份有限公司,電子零組件業,-0.25,10.0000,321551.00,-19684.00,12868.00,-7465.00
1111004,111,2,3231,緯創資通股份有限公司,電腦及週邊設備業,1.22,10.0000,470661752.00,9941535.00,-1368199.00,6598865.00
1111004,111,2,3257,虹冠電子工業股份有限公司,半導體業,1.41,10.0000,357801.00,87076.00,37307.00,112340.00
1111004,111,2,3266,昇陽建設企業股份有限公司,建材營造,0.56,10.0000,2138105.00,164470.00,9772.00,142250.00
1111004,111,2,3296,勝德國際研發股份有限公司,電子零組件業,-0.55,10.0000,1234189.00,-80774.00,28070.00,-52894.00
1111004,111,2,3305,昇貿科技股份有限公司,其他電子業,3.95,10.0000,4861916.00,386203.00,272516.00,520783.00
1111004,111,2,3308,聯德電子股份有限公司,電子零組件業,-0.41,10.0000,122116.00,-16245.00,5555.00,-28780.00
1111004,111,2,3311,閎暉實業股份有限公司,通信網路業,0.76,10.0000,1017500.00,50938.00,18954.00,51677.00
1111004,111,2,3312,弘憶國際股份有限公司,電子通路業,1.63,10.0000,9946297.00,265789.00,28326.00,224293.00
1111004,111,2,3321,同泰電子科技股份有限公司,電子零組件業,0.00,10.0000,1061847.00,-42867.00,45077.00,246.00
1111004,111,2,3338,泰碩電子股份有限公司,電子零組件業,1.60,10.0000,2428178.00,134242.00,51113.00,140717.00
1111004,111,2,3346,麗清科技股份有限公司,汽車工業,-1.29,10.0000,2667858.00,-125349.00,-3238.00,-130941.00
1111004,111,2,3356,奇偶科技股份有限公司,光電業,0.34,10.0000,617119.00,86913.00,-28371.00,34125.00
1111004,111,2,3376,新日興股份有限公司,電子零組件業,3.90,10.0000,6010127.00,683677.00,345871.00,750898.00
1111004,111,2,3380,明泰科技股份有限公司,通信網路業,0.70,10.0000,15162068.00,712005.00,-26209.00,481091.00
1111004,111,2,3406,玉晶光電股份有限公司,光電業,6.22,10.0000,6292449.00,579328.00,280347.00,706174.00
1111004,111,2,3413,京鼎精密科技股份有限公司,半導體業,12.20,10.0000,6606924.00,1182126.00,204270.00,1136582.00
1111004,111,2,3416,融程電訊股份有限公司,電腦及週邊設備業,2.47,10.0000,1194636.00,182087.00,34479.00,179560.00
1111004,111,2,3419,譁裕實業股份有限公司,通信網路業,-0.06,10.0000,835751.00,-48921.00,34676.00,-9058.00
1111004,111,2,3432,台端興業股份有限公司,電子零組件業,1.18,10.0000,9104.00,-16827.00,122274.00,78516.00
1111004,111,2,3437,榮創能源科技股份有限公司,光電業,0.16,10.0000,1570412.00,-16112.00,44965.00,23230.00
1111004,111,2,3443,創意電子股份有限公司,半導體業,9.74,10.0000,9894946.00,1464222.00,74611.00,1305850.00
1111004,111,2,3450,聯鈞光電股份有限公司,半導體業,0.94,10.0000,3475117.00,331664.00,203663.00,391638.00
1111004,111,2,3454,晶睿通訊股份有限公司,光電業,2.74,10.0000,3984550.00,261229.00,10624.00,249889.00
1111004,111,2,3481,群創光電股份有限公司,光電業,-0.27,10.0000,127787606.00,-3494233.00,1442427.00,-2809342.00
1111004,111,2,3494,誠研科技股份有限公司,電腦及週邊設備業,-0.83,10.0000,273359.00,-162564.00,-3411.00,-165858.00
1111004,111,2,3501,維熹科技股份有限公司,電子零組件業,2.51,10.0000,2988036.00,248479.00,148099.00,296786.00
1111004,111,2,3504,揚明光學股份有限公司,光電業,0.62,10.0000,2460665.00,59280.00,39807.00,71855.00
1111004,111,2,3515,華擎科技股份有限公司,電腦及週邊設備業,7.02,10.0000,8655813.00,894356.00,201724.00,943356.00
1111004,111,2,3518,柏騰科技股份有限公司,其他電子業,0.01,10.0000,291500.00,5575.00,14023.00,1153.00
1111004,111,2,3528,安馳科技股份有限公司,電子通路業,3.02,10.0000,3210596.00,348174.00,-98947.00,199381.00
1111004,111,2,3530,晶相光電股份有限公司,半導體業,2.15,10.0000,1255067.00,195699.00,16425.00,166112.00
1111004,111,2,3532,台塑勝高科技股份有限公司,半導體業,5.88,10.0000,7788455.00,2470927.00,372195.00,2281759.00
1111004,111,2,3533,嘉澤端子工業股份有限公司,電子零組件業,27.25,10.0000,12797342.00,3262485.00,553191.00,2923431.00
1111004,111,2,3535,晶彩科技股份有限公司,光電業,2.12,10.0000,833123.00,128536.00,64295.00,167235.00
1111004,111,2,3536,誠創科技股份有限公司,半導體業,-0.61,10.0000,225928.00,-61964.00,-7016.00,-68980.00
1111004,111,2,3543,州巧科技股份有限公司,光電業,-0.72,10.0000,1588258.00,-69383.00,21446.00,-68480.00
1111004,111,2,3545,敦泰電子股份有限公司,半導體業,4.02,10.0000,7219974.00,695133.00,408446.00,805644.00
1111004,111,2,3550,聯穎科技股份有限公司,電子零組件業,0.07,10.0000,2165278.00,-1594.00,15511.00,5057.00
1111004,111,2,3557,嘉威生活股份有限公司,其他,4.08,10.0000,3164666.00,365643.00,49862.00,327274.00
1111004,111,2,3563,牧德科技股份有限公司,光電業,7.80,10.0000,1160908.00,371259.00,65118.00,350925.00
1111004,111,2,3576,聯合再生能源股份有限公司,光電業,0.48,10.0000,8584893.00,623070.00,130041.00,746592.00
1111004,111,2,3583,辛耘企業股份有限公司,半導體業,3.40,10.0000,2637118.00,301900.00,28604.00,273102.00
1111004,111,2,3588,通嘉科技股份有限公司,半導體業,2.70,10.0000,1030114.00,163156.00,29768.00,150117.00
1111004,111,2,3591,艾笛森光電股份有限公司,光電業,0.26,10.0000,943359.00,32313.00,14237.00,38509.00
1111004,111,2,3592,瑞鼎科技股份有限公司,半導體業,38.89,10.0000,14722388.00,2691174.00,693508.00,2917611.00
1111004,111,2,3593,力銘科技股份有限公司,電子零組件業,-0.82,10.0000,392588.00,-67777.00,-8761.00,-76316.00
1111004,111,2,3596,智易科技股份有限公司,通信網路業,3.76,10.0000,21187876.00,983799.00,57696.00,769014.00
1111004,111,2,3605,宏致電子股份有限公司,電子零組件業,2.10,10.0000,5538620.00,169432.00,189789.00,281909.00
1111004,111,2,3607,谷崧精密工業股份有限公司,電子零組件業,-1.36,10.0000,1410704.00,-281956.00,138389.00,-143634.00
1111004,111,2,3617,碩天科技股份有限公司,其他電子業,5.91,10.0000,5325645.00,453103.00,184835.00,491231.00
1111004,111,2,3622,洋華光電股份有限公司,光電業,0.95,10.0000,889851.00,124449.00,31611.00,150385.00
1111004,111,2,3645,達邁科技股份有限公司,電子零組件業,1.87,10.0000,1267852.00,249835.00,73.00,241046.00
1111004,111,2,3652,精聯電子股份有限公司,電腦及週邊設備業,0.74,10.0000,1135196.00,65408.00,3403.00,55517.00
1111004,111,2,3653,健策精密工業股份有限公司,電子零組件業,9.18,10.0000,5363124.00,1236671.00,189149.00,1148203.00
1111004,111,2,3661,世芯電子股份有限公司,半導體業,12.33,10.0000,5591681.00,1116803.00,-5561.00,876609.00
1111004,111,2,3665,貿聯控股(BizLink Holding Inc.),其他電子業,11.46,10.0000,25630226.00,2539581.00,-69668.00,1728177.00
1111004,111,2,3669,圓展科技股份有限公司,通信網路業,2.33,10.0000,1583721.00,212689.00,14270.00,216702.00
1111004,111,2,3673,"TPK Holding Co., Ltd.",光電業,0.74,10.0000,47427720.00,271747.00,373742.00,346864.00
1111004,111,2,3679,新至陞科技股份有限公司,電子零組件業,5.24,10.0000,1778684.00,155108.00,277488.00,328372.00
1111004,111,2,3682,亞太電信股份有限公司,通信網路業,-0.70,10.0000,6522503.00,-2372801.00,-98888.00,-2999189.00
1111004,111,2,3686,達能科技股份有限公司,半導體業,-0.15,10.0000,27533.00,-17160.00,-399.00,-17559.00
1111004,111,2,3694,海華科技股份有限公司,通信網路業,0.11,10.0000,4568292.00,9964.00,7376.00,16714.00
1111004,111,2,3701,大眾全球投資控股股份有限公司,電腦及週邊設備業,1.09,10.0000,5953620.00,157926.00,225619.00,336514.00
1111004,111,2,3702,大聯大投資控股股份有限公司,電子通路業,3.54,10.0000,408921164.00,7995664.00,-227123.00,6387032.00
1111004,111,2,3703,欣陸投資控股股份有限公司,建材營造,2.65,10.0000,18264176.00,2411569.00,-95994.00,2132962.00
1111004,111,2,3704,合勤投資控股股份有限公司,通信網路業,0.91,10.0000,13257774.00,447143.00,112460.00,404802.00
1111004,111,2,3705,永信國際投資控股股份有限公司,生技醫療業,1.87,10.0000,3909833.00,452990.00,211386.00,507956.00
1111004,111,2,3706,神達投資控股股份有限公司,電腦及週邊設備業,0.88,10.0000,22860234.00,-24715.00,1338998.00,1060221.00
1111004,111,2,3708,上緯國際投資控股股份有限公司,化學工業,1.73,10.0000,5109135.00,237648.00,42659.00,181248.00
1111004,111,2,3711,日月光投資控股股份有限公司,半導體業,6.71,10.0000,304829847.00,36718387.00,1079582.00,30041862.00
1111004,111,2,3712,永崴投資控股股份有限公司,電腦及週邊設備業,0.92,10.0000,5693812.00,220747.00,146414.00,273288.00
1111004,111,2,3714,富采投資控股股份有限公司,光電業,1.68,10.0000,16326868.00,819829.00,231627.00,898987.00
1111004,111,2,4104,佳醫健康事業股份有限公司,生技醫療業,2.18,10.0000,3382621.00,308689.00,151166.00,369907.00
1111004,111,2,4106,雃博股份有限公司,生技醫療業,0.82,10.0000,1275529.00,102532.00,6592.00,82719.00
1111004,111,2,4108,懷特生技新藥股份有限公司,生技醫療業,-0.24,10.0000,67853.00,-69251.00,9250.00,-60001.00
1111004,111,2,4119,旭富製藥科技股份有限公司,生技醫療業,1.90,10.0000,369384.00,33602.00,194418.00,181515.00
1111004,111,2,4133,亞諾法生技股份有限公司,生技醫療業,0.60,10.0000,202176.00,30873.00,16889.00,36153.00
1111004,111,2,4137,麗豐股份有限公司,生技醫療業,4.27,10.0000,1797108.00,453564.00,7495.00,339499.00
1111004,111,2,4142,國光生物科技股份有限公司,生技醫療業,-0.44,10.0000,579733.00,-288250.00,20301.00,-267949.00
1111004,111,2,4148,全宇生技控股有限公司,生技醫療業,2.54,10.0000,1577606.00,270386.00,8179.00,204108.00
1111004,111,2,4155,訊映光電股份有限公司,生技醫療業,1.09,10.0000,853022.00,73684.00,53615.00,97692.00
1111004,111,2,4164,承業生醫投資控股股份有限公司,生技醫療業,1.06,10.0000,1298380.00,197345.00,35828.00,193020.00
1111004,111,2,4190,佐登妮絲集團股份有限公司,生技醫療業,0.75,10.0000,1280760.00,51149.00,30670.00,44295.00
1111004,111,2,4306,炎洲股份有限公司,塑膠工業,0.89,10.0000,8007239.00,651126.00,197971.00,578988.00
1111004,111,2,4426,利勤實業股份有限公司,紡織纖維,-0.70,10.0000,587124.00,-167274.00,71511.00,-120557.00
1111004,111,2,4438,廣越企業股份有限公司,紡織纖維,3.33,10.0000,7830598.00,599944.00,61201.00,463879.00
1111004,111,2,4439,冠星集團控股有限公司,紡織纖維,6.94,10.0000,4398282.00,290241.00,23131.00,261008.00
1111004,111,2,4440,宜新實業股份有限公司,紡織纖維,1.63,10.0000,793272.00,146709.00,-7260.00,110375.00
1111004,111,2,4526,東台精機股份有限公司,電機機械,0.04,10.0000,3932849.00,-6243.00,59738.00,29453.00
1111004,111,2,4532,瑞智精密股份有限公司,電機機械,0.83,10.0000,11054141.00,401012.00,173987.00,418084.00
1111004,111,2,4536,拓凱實業股份有限公司,其他,11.03,10.0000,4858607.00,1035889.00,395468.00,1082971.00
1111004,111,2,4540,全球傳動科技股份有限公司,電機機械,1.61,10.0000,1775009.00,190860.00,30794.00,151872.00
1111004,111,2,4545,銘鈺精密工業股份有限公司,電子零組件業,1.18,10.0000,1106008.00,82562.00,38450.00,90512.00
1111004,111,2,4551,智伸科技股份有限公司,汽車工業,5.93,10.0000,4628197.00,782201.00,131330.00,683710.00
1111004,111,2,4552,力達控股有限公司,電機機械,1.37,10.0000,2241656.00,244921.00,10662.00,159258.00
1111004,111,2,4555,台灣氣立股份有限公司,電機機械,1.55,10.0000,955708.00,130788.00,4663.00,109195.00
1111004,111,2,4557,永新控股股份有限公司,汽車工業,5.16,10.0000,1477033.00,223008.00,52049.00,215989.00
1111004,111,2,4560,強信機械科技股份有限公司,電機機械,1.97,10.0000,959838.00,169833.00,2185.00,134262.00
1111004,111,2,4562,穎漢科技股份有限公司,電機機械,-0.38,10.0000,327526.00,-53743.00,25264.00,-33743.00
1111004,111,2,4564,翎精密工業股份有限公司,電機機械,0.47,10.0000,1005665.00,89875.00,9387.00,85407.00
1111004,111,2,4566,時碩工業股份有限公司,電機機械,3.16,10.0000,2417474.00,207836.00,80452.00,226764.00
1111004,111,2,4571,鈞興機電國際股份有限公司,電機機械,3.98,10.0000,1244543.00,161640.00,80157.00,209964.00
1111004,111,2,4572,駐龍精密機械股份有限公司,電機機械,2.60,10.0000,294563.00,87487.00,24706.00,93169.00
1111004,111,2,4576,大銀微系統股份有限公司,電機機械,1.78,10.0000,1717559.00,234556.00,61466.00,248220.00
1111004,111,2,4581,World Known MFG(Cayman)Limited,汽車工業,1.36,10.0000,487135.00,44150.00,9191.00,46196.00
1111004,111,2,4583,台灣精銳科技股份有限公司,電機機械,7.69,10.0000,1745301.00,558713.00,178323.00,578226.00
1111004,111,2,4720,德淵企業股份有限公司,化學工業,0.07,10.0000,1818134.00,21927.00,780.00,11749.00
1111004,111,2,4722,國精化學股份有限公司,化學工業,2.29,10.0000,2527673.00,270210.00,29001.00,228799.00
1111004,111,2,4737,華廣生技股份有限公司,生技醫療業,0.88,10.0000,1048975.00,63887.00,-9056.00,53358.00
1111004,111,2,4739,康普材料科技股份有限公司,化學工業,3.56,10.0000,5264674.00,512631.00,61330.00,390328.00
1111004,111,2,4746,台耀化學股份有限公司,生技醫療業,-3.40,10.0000,1673162.00,-44241.00,-429914.00,-503985.00
1111004,111,2,4755,三福化工股份有限公司,化學工業,6.00,10.0000,3199578.00,668701.00,87410.00,605502.00
1111004,111,2,4763,濟南大自然新材料股份有限公司,化學工業,10.35,10.0000,1844109.00,364293.00,287924.00,600831.00
1111004,111,2,4764,雙鍵化工股份有限公司,化學工業,0.53,10.0000,1502307.00,35161.00,24681.00,46012.00
1111004,111,2,4766,南寶樹脂化學工廠股份有限公司,化學工業,8.76,10.0000,10558953.00,742893.00,578918.00,1118808.00
1111004,111,2,4770,上品綜合工業股份有限公司,化學工業,10.23,10.0000,2977217.00,988224.00,19799.00,803630.00
1111004,111,2,4807,日成控股股份有限公司,貿易百貨,-0.40,10.0000,748694.00,-36899.00,25000.00,-15369.00
1111004,111,2,4904,遠傳電信股份有限公司,通信網路業,1.42,10.0000,42627580.00,6119520.00,-337486.00,4686172.00
1111004,111,2,4906,正文科技股份有限公司,通信網路業,0.31,10.0000,11665536.00,98594.00,187786.00,216086.00
1111004,111,2,4912,聯德控股股份有限公司,電子零組件業,3.78,10.0000,3494408.00,267521.00,25786.00,242802.00
1111004,111,2,4915,致伸科技股份有限公司,電子零組件業,2.81,10.0000,38177702.00,1533380.00,112774.00,1300450.00
1111004,111,2,4916,事欣科技股份有限公司,電腦及週邊設備業,0.48,10.0000,1161372.00,20212.00,21766.00,39777.00
1111004,111,2,4919,新唐科技股份有限公司,半導體業,6.10,10.0000,21902683.00,2741542.00,434001.00,2562594.00
1111004,111,2,4927,泰鼎國際股份有限公司,電子零組件業,4.08,10.0000,8116280.00,813557.00,-2610.00,778376.00
1111004,111,2,4930,燦星網通股份有限公司,電器電纜,1.72,10.0000,4027794.00,186956.00,133299.00,256677.00
1111004,111,2,4934,太極能源科技股份有限公司,光電業,-0.39,10.0000,894258.00,-123317.00,-6726.00,-129883.00
1111004,111,2,4935,茂林光電科技(開曼)股份有限公司,光電業,2.37,10.0000,4281803.00,279452.00,97025.00,305224.00
1111004,111,2,4938,和碩聯合科技股份有限公司,電腦及週邊設備業,1.79,10.0000,607482056.00,10774351.00,-211438.00,7918901.00
1111004,111,2,4942,嘉彰股份有限公司,光電業,2.74,10.0000,4370520.00,474017.00,130611.00,389119.00
1111004,111,2,4943,開曼康而富控股股份有限公司,電子零組件業,-4.19,10.0000,934726.00,-732433.00,70381.00,-667297.00
1111004,111,2,4952,凌通科技股份有限公司,半導體業,4.03,10.0000,1990154.00,480218.00,42813.00,438633.00
1111004,111,2,4956,光鋐科技股份有限公司,光電業,0.11,10.0000,630386.00,1169.00,13251.00,11545.00
1111004,111,2,4958,臻鼎科技控股股份有限公司,電子零組件業,4.77,10.0000,68449555.00,5686477.00,1650535.00,6505689.00
1111004,111,2,4960,誠美材料科技股份有限公司,光電業,0.51,10.0000,5722145.00,205264.00,141494.00,337049.00
1111004,111,2,4961,天鈺科技股份有限公司,半導體業,12.14,10.0000,11358858.00,3087440.00,-43662.00,2497870.00
1111004,111,2,4967,十銓科技股份有限公司,半導體業,0.13,10.0000,3273502.00,-38493.00,62854.00,12622.00
1111004,111,2,4968,立積電子股份有限公司,半導體業,0.46,10.0000,1739152.00,-23522.00,64630.00,41071.00
1111004,111,2,4976,佳凌科技股份有限公司,光電業,-0.28,10.0000,567829.00,-85508.00,47010.00,-38498.00
1111004,111,2,4977,眾達科技股份有限公司,通信網路業,1.24,10.0000,1232890.00,191901.00,-100389.00,86263.00
1111004,111,2,4989,李長榮科技股份有限公司,電子零組件業,1.60,10.0000,2194315.00,205030.00,89036.00,220245.00
1111004,111,2,4994,傳奇網路遊戲股份有限公司,資訊服務業,0.51,10.0000,1073319.00,100679.00,-46686.00,56127.00
1111004,111,2,4999,鑫禾科技股份有限公司,電子零組件業,1.90,10.0000,1173502.00,73452.00,113506.00,141290.00
1111004,111,2,5007,三星科技股份有限公司,鋼鐵工業,1.87,10.0000,3768673.00,655007.00,52546.00,565665.00
1111004,111,2,5203,訊連科技股份有限公司,資訊服務業,1.83,10.0000,823419.00,81567.00,93829.00,143440.00
1111004,111,2,5215,科嘉(開曼)股份有限公司,電腦及週邊設備業,2.26,10.0000,1360477.00,151840.00,69693.00,142295.00
1111004,111,2,5222,全訊科技股份有限公司,半導體業,1.06,10.0000,469707.00,151214.00,-51505.00,71445.00
1111004,111,2,5225,東科控股股份有限公司,其他電子業,0.99,10.0000,5900147.00,27469.00,34132.00,60260.00
1111004,111,2,5234,達興材料股份有限公司,光電業,2.95,10.0000,2244374.00,317072.00,25486.00,303378.00
1111004,111,2,5243,乙盛精密工業股份有限公司,光電業,1.82,10.0000,6093634.00,282212.00,127513.00,306441.00
1111004,111,2,5244,弘凱光電股份有限公司,光電業,1.42,10.0000,493548.00,105805.00,13571.00,95238.00
1111004,111,2,5258,虹堡科技股份有限公司,電腦及週邊設備業,3.24,10.0000,3006324.00,394034.00,-1776.00,296624.00
1111004,111,2,5269,祥碩科技股份有限公司,半導體業,22.54,10.0000,2903083.00,818953.00,939227.00,1557767.00
1111004,111,2,5283,禾聯碩股份有限公司,電器電纜,5.75,10.0000,3686549.00,427386.00,90742.00,420040.00
1111004,111,2,5284,經寶精密控股股份有限公司,其他,2.33,10.0000,782612.00,125488.00,3704.00,102404.00
1111004,111,2,5285,界霖科技股份有限公司,半導體業,2.81,10.0000,3284601.00,294847.00,66571.00,286687.00
1111004,111,2,5288,開曼商豐祥控股股份有限公司,電機機械,5.70,10.0000,3675651.00,474309.00,380.00,371570.00
1111004,111,2,5306,桂盟國際股份有限公司,其他,8.09,10.0000,3802074.00,1280281.00,52082.00,1019196.00
1111004,111,2,5388,中磊電子股份有限公司,通信網路業,3.09,10.0000,27889982.00,940046.00,-11531.00,768512.00
1111004,111,2,5434,崇越科技股份有限公司,電子通路業,8.59,10.0000,25807911.00,1493304.00,611462.00,1592787.00
1111004,111,2,5469,瀚宇博德股份有限公司,電子零組件業,2.63,10.0000,23798508.00,2252095.00,802376.00,2142903.00
1111004,111,2,5471,松翰科技股份有限公司,半導體業,2.76,10.0000,2054048.00,444412.00,104279.00,463613.00
1111004,111,2,5484,慧友電子股份有限公司,光電業,-1.31,10.0000,124822.00,-34316.00,-45658.00,-78615.00
1111004,111,2,5515,建國工程股份有限公司,建材營造,0.26,10.0000,2466196.00,183001.00,-100958.00,65526.00
1111004,111,2,5519,隆大營建事業股份有限公司,建材營造,1.05,10.0000,1833301.00,288406.00,2044.00,229343.00
1111004,111,2,5521,工信工程股份有限公司,建材營造,-0.06,10.0000,2020963.00,-18096.00,18034.00,-31284.00
1111004,111,2,5522,遠雄建設事業股份有限公司,建材營造,3.18,10.0000,11777658.00,3165319.00,43166.00,2484845.00
1111004,111,2,5525,順天建設股份有限公司,建材營造,2.01,10.0000,3902432.00,598182.00,-10074.00,563714.00
1111004,111,2,5531,鄉林建設事業股份有限公司,建材營造,-0.69,10.0000,725632.00,-463355.00,-479484.00,-805826.00
1111004,111,2,5533,皇鼎建設開發股份有限公司,建材營造,2.83,10.0000,3880312.00,803667.00,219553.00,808578.00
1111004,111,2,5534,長虹建設股份有限公司,建材營造,5.80,10.0000,5102303.00,2030645.00,2714.00,1684827.00
1111004,111,2,5538,開曼東明控股股份有限公司,鋼鐵工業,3.66,10.0000,7799384.00,961739.00,-39369.00,740120.00
1111004,111,2,5546,永固集團股份有限公司,建材營造,1.10,10.0000,2296542.00,131087.00,9929.00,101765.00
1111004,111,2,5607,遠雄自貿港投資控股股份有限公司,航運業,2.21,10.0000,1624324.00,812951.00,-33272.00,630681.00
1111004,111,2,5608,四維航業股份有限公司,航運業,3.65,10.0000,3508618.00,1679547.00,-230875.00,1147133.00
1111004,111,2,5706,鳳凰國際旅行社股份有限公司,觀光事業,-0.59,10.0000,46079.00,-30760.00,-14262.00,-37602.00
1111004,111,2,5871,中租控股股份有限公司,其他,8.87,10.0000,41092932.00,18943351.00,1334297.00,14734040.00
1111004,111,2,5876,上海商業儲蓄銀行股份有限公司,金融保險業,1.62,10.0000,20318803.00,--,--,9198430.00
1111004,111,2,5880,合作金庫金融控股股份有限公司,金融保險業,0.64,10.0000,23787464.00,--,--,9348078.00
1111004,111,2,5906,台南生活(開曼)股份有限公司,貿易百貨,1.04,10.0000,781309.00,67399.00,-10515.00,39698.00
1111004,111,2,5907,Grand Ocean RetailGroupLimited,貿易百貨,-1.20,10.0000,2260822.00,108361.00,-283213.00,-234515.00
1111004,111,2,6005,群益金鼎證券股份有限公司,金融保險業,0.01,10.0000,3510469.00,-20184.00,556277.00,156637.00
1111004,111,2,6024,群益期貨股份有限公司,金融保險業,1.50,10.0000,1365243.00,246304.00,128155.00,314702.00
1111004,111,2,6108,競國實業股份有限公司,電子零組件業,0.06,10.0000,3527229.00,-111518.00,114042.00,9082.00
1111004,111,2,6112,邁達特數位股份有限公司,資訊服務業,0.97,10.0000,5836396.00,225278.00,6153.00,182437.00
1111004,111,2,6115,鎰勝工業股份有限公司,電子零組件業,1.89,10.0000,3682839.00,286196.00,204477.00,352106.00
1111004,111,2,6116,瀚宇彩晶股份有限公司,光電業,-0.14,10.0000,9448717.00,444307.00,-758893.00,-409572.00
1111004,111,2,6117,迎廣科技股份有限公司,電腦及週邊設備業,-0.05,10.0000,1220975.00,-37867.00,28109.00,-9353.00
1111004,111,2,6120,達運精密工業股份有限公司,光電業,-0.18,10.0000,8593047.00,-517371.00,475487.00,-123074.00
1111004,111,2,6128,上福全球科技股份有限公司,電腦及週邊設備業,1.96,10.0000,3035435.00,311279.00,14097.00,250142.00
1111004,111,2,6133,金橋科技股份有限公司,電子零組件業,0.16,10.0000,643507.00,3429.00,21205.00,19031.00
1111004,111,2,6136,富爾特科技股份有限公司,通信網路業,-0.06,10.0000,245612.00,-19875.00,14634.00,-6153.00
1111004,111,2,6139,亞翔工程股份有限公司,其他電子業,1.87,10.0000,15138804.00,729800.00,-40629.00,498509.00
1111004,111,2,6141,柏承科技股份有限公司,電子零組件業,0.07,10.0000,1826937.00,70124.00,-40066.00,8246.00
1111004,111,2,6142,友勁科技股份有限公司,通信網路業,-0.11,10.0000,1231944.00,-141166.00,109646.00,-34827.00
1111004,111,2,6152,百一電子股份有限公司,通信網路業,0.14,10.0000,1593484.00,-66613.00,93466.00,26853.00
1111004,111,2,6153,嘉聯益科技股份有限公司,電子零組件業,-0.49,10.0000,5638922.00,-493197.00,200180.00,-273705.00
1111004,111,2,6155,鈞寶電子工業股份有限公司,電子零組件業,1.16,10.0000,395438.00,45431.00,84768.00,100818.00
1111004,111,2,6164,華興電子工業股份有限公司,光電業,0.24,10.0000,476263.00,-22624.00,53243.00,25127.00
1111004,111,2,6165,浪凡網路科技股份有限公司,其他,0.43,10.0000,1427731.00,37699.00,15033.00,21838.00
1111004,111,2,6166,凌華科技股份有限公司,電腦及週邊設備業,2.25,10.0000,5369381.00,164977.00,399713.00,489101.00
1111004,111,2,6168,宏齊科技股份有限公司,光電業,1.11,10.0000,1418663.00,162105.00,132636.00,253120.00
1111004,111,2,6176,瑞儀光電股份有限公司,光電業,8.04,10.0000,25399785.00,2935954.00,2425726.00,3739903.00
1111004,111,2,6177,達麗建設事業股份有限公司,建材營造,2.36,10.0000,6897866.00,1107922.00,-1633.00,914028.00
1111004,111,2,6183,關貿網路股份有限公司,資訊服務業,1.91,10.0000,1148476.00,345824.00,9168.00,287002.00
1111004,111,2,6184,大豐有線電視股份有限公司,其他,2.03,10.0000,994351.00,365867.00,-3829.00,301262.00
1111004,111,2,6189,豐藝電子股份有限公司,電子通路業,2.82,10.0000,16190894.00,521590.00,213679.00,584799.00
1111004,111,2,6191,精成科技股份有限公司,電子零組件業,2.62,10.0000,12031296.00,1178774.00,490338.00,1251668.00
1111004,111,2,6192,巨路國際股份有限公司,其他電子業,3.91,10.0000,3222090.00,556528.00,28010.00,417315.00
1111004,111,2,6196,帆宣系統科技股份有限公司,其他電子業,4.41,10.0000,21491469.00,1220274.00,-16801.00,830470.00
1111004,111,2,6197,佳必琪國際股份有限公司,電子零組件業,1.44,10.0000,2011534.00,177355.00,38664.00,176212.00
1111004,111,2,6201,亞弘電科技股份有限公司,其他電子業,1.67,10.0000,1414460.00,101674.00,54986.00,149119.00
1111004,111,2,6202,盛群半導體股份有限公司,半導體業,3.84,10.0000,3583754.00,932999.00,168776.00,884177.00
1111004,111,2,6205,詮欣股份有限公司,電子零組件業,1.91,10.0000,947488.00,157156.00,35321.00,151837.00
1111004,111,2,6206,飛捷科技股份有限公司,電腦及週邊設備業,4.41,10.0000,3157646.00,669282.00,61724.00,621290.00
1111004,111,2,6209,今國光學工業股份有限公司,光電業,0.07,10.0000,1828095.00,-68338.00,64634.00,11893.00
1111004,111,2,6213,聯茂電子股份有限公司,電子零組件業,3.25,10.0000,15914713.00,1093525.00,478460.00,1243815.00
1111004,111,2,6214,精誠資訊股份有限公司,資訊服務業,1.90,10.0000,15411093.00,736394.00,-105272.00,480562.00
1111004,111,2,6215,和椿科技股份有限公司,其他電子業,1.56,10.0000,1028267.00,107025.00,66276.00,127973.00
1111004,111,2,6216,居易科技股份有限公司,通信網路業,1.58,10.0000,592670.00,121884.00,53172.00,140045.00
1111004,111,2,6224,聚鼎科技股份有限公司,電子零組件業,0.50,10.0000,1522501.00,-103163.00,78656.00,-69835.00
1111004,111,2,6225,天瀚科技股份有限公司,光電業,-0.06,10.0000,14239.00,-2055.00,-444.00,-2499.00
1111004,111,2,6226,光鼎電子股份有限公司,光電業,0.17,10.0000,550213.00,-2612.00,32030.00,23082.00
1111004,111,2,6230,尼得科超眾科技股份有限公司,電腦及週邊設備業,1.51,10.0000,5191804.00,169195.00,53506.00,130395.00
1111004,111,2,6235,華孚科技股份有限公司,電腦及週邊設備業,0.61,10.0000,1848009.00,112629.00,-3171.00,105663.00
1111004,111,2,6239,力成科技股份有限公司,半導體業,6.59,10.0000,44093974.00,7485839.00,615832.00,6343243.00
1111004,111,2,6243,迅杰科技股份有限公司,半導體業,1.16,10.0000,384778.00,5198.00,46114.00,51312.00
1111004,111,2,6257,矽格股份有限公司,半導體業,4.00,10.0000,9773831.00,2240581.00,378988.00,2087207.00
1111004,111,2,6269,台郡科技股份有限公司,電子零組件業,3.23,10.0000,16804083.00,826102.00,467034.00,1071573.00
1111004,111,2,6271,同欣電子工業股份有限公司,半導體業,10.67,10.0000,7071151.00,1869090.00,450094.00,1905981.00
1111004,111,2,6277,宏正自動科技股份有限公司,電腦及週邊設備業,2.49,10.0000,2522286.00,348322.00,17373.00,298429.00
1111004,111,2,6278,台灣表面黏著科技股份有限公司,光電業,7.05,10.0000,33510698.00,2638114.00,-17808.00,2069353.00
1111004,111,2,6281,全國電子股份有限公司,電子通路業,3.38,10.0000,11056811.00,421816.00,-2619.00,335357.00
1111004,111,2,6282,康舒科技股份有限公司,電子零組件業,0.70,10.0000,12759554.00,355586.00,104175.00,378919.00
1111004,111,2,6283,淳安電子股份有限公司,其他電子業,0.05,10.0000,971702.00,-35252.00,64470.00,16552.00
1111004,111,2,6285,啟碁科技股份有限公司,通信網路業,2.20,10.0000,39631484.00,848477.00,196953.00,860837.00
1111004,111,2,6288,聯嘉光電股份有限公司,汽車工業,0.07,10.0000,1949833.00,-73157.00,78319.00,11992.00
1111004,111,2,6405,悅城科技股份有限公司,光電業,0.24,10.0000,234960.00,-7675.00,73127.00,15776.00
1111004,111,2,6409,旭隼科技股份有限公司,其他電子業,20.46,10.0000,10621295.00,2118159.00,54923.00,1780609.00
1111004,111,2,6412,群光電能科技股份有限公司,電子零組件業,3.88,10.0000,20763913.00,1718059.00,166581.00,1529056.00
1111004,111,2,6414,樺漢科技股份有限公司,電腦及週邊設備業,7.14,10.0000,51111672.00,1865196.00,736321.00,1857574.00
1111004,111,2,6415,矽力杰股份有限公司,半導體業,9.72, 2.5000,12821732.00,3822263.00,361687.00,3806613.00
1111004,111,2,6416,瑞祺電通股份有限公司,通信網路業,2.70,10.0000,2382320.00,224896.00,48720.00,205790.00
1111004,111,2,6426,統新光訊股份有限公司,通信網路業,1.41,10.0000,354543.00,47401.00,20310.00,54143.00
1111004,111,2,6431,光麗生技控股股份有限公司,生技醫療業,-0.97,10.0000,122111.00,-72135.00,3896.00,-56557.00
1111004,111,2,6438,迅得機械股份有限公司,其他電子業,4.57,10.0000,2686617.00,381805.00,28341.00,321294.00
1111004,111,2,6442,光紅建聖股份有限公司,通信網路業,2.38,10.0000,1476663.00,128545.00,81888.00,157700.00
1111004,111,2,6443,晶太陽能科技股份有限公司,光電業,0.10,10.0000,3897088.00,84698.00,-48518.00,43272.00
1111004,111,2,6449,鈺邦科技股份有限公司,電子零組件業,2.23,10.0000,1336738.00,147831.00,119341.00,198160.00
1111004,111,2,6451,訊芯科技控股股份有限公司,半導體業,0.49,10.0000,2092015.00,-161183.00,94558.00,44544.00
1111004,111,2,6456,GIS Holding Limited,光電業,3.50,10.0000,57145651.00,1084096.00,240277.00,1152144.00
1111004,111,2,6464,台灣數位光訊科技股份有限公司,其他,3.87,10.0000,2174830.00,739590.00,-64920.00,522348.00
1111004,111,2,6477,安集科技股份有限公司,光電業,0.41,10.0000,1397064.00,85909.00,-26777.00,48272.00
1111004,111,2,6491,晶碩光學股份有限公司,生技醫療業,10.03,10.0000,2903104.00,825755.00,2607.00,699942.00
1111004,111,2,6504,南六企業股份有限公司,其他,0.67,10.0000,2829799.00,-26458.00,124399.00,48759.00
1111004,111,2,6505,台塑石化股份有限公司,油電燃氣業,3.21,10.0000,424837198.00,33982906.00,4152530.00,30565762.00
1111004,111,2,6515,穎崴科技股份有限公司,半導體業,9.64,10.0000,1857983.00,382812.00,23627.00,327659.00
1111004,111,2,6525,捷敏股份有限公司,半導體業,4.03,10.0000,2639712.00,444089.00,189091.00,520558.00
1111004,111,2,6531,愛普科技股份有限公司,半導體業,7.38, 5.0000,3083378.00,992699.00,507844.00,1179140.00
1111004,111,2,6533,晶心科技股份有限公司,半導體業,3.88,10.0000,351167.00,-71538.00,274404.00,196317.00
1111004,111,2,6541,泰福生技股份有限公司,生技醫療業,-2.15,10.0000,6169.00,-749360.00,-9520.00,-758903.00
1111004,111,2,6550,北極星藥業集團股份有限公司,生技醫療業,-0.77,10.0000,5170.00,-530997.00,-24521.00,-555563.00
1111004,111,2,6552,易華電子股份有限公司,半導體業,1.54,10.0000,1327959.00,114129.00,50155.00,127848.00
1111004,111,2,6558,興能高科技股份有限公司,其他電子業,-0.44,10.0000,587873.00,-78667.00,25803.00,-41472.00
1111004,111,2,6573,虹揚發展科技股份有限公司,半導體業,-0.93,10.0000,673715.00,-103193.00,19111.00,-85127.00
1111004,111,2,6579,研揚科技股份有限公司,電腦及週邊設備業,3.94,10.0000,4037143.00,579173.00,18409.00,458627.00
1111004,111,2,6581,台灣鋼聯股份有限公司,其他,4.86,10.0000,1278784.00,663669.00,14452.00,540576.00
1111004,111,2,6582,申豐特用應材股份有限公司,橡膠工業,1.16,10.0000,1105897.00,213045.00,28225.00,123194.00
1111004,111,2,6585,鼎基先進材料股份有限公司,其他,2.21,10.0000,1330328.00,138463.00,31000.00,140271.00
1111004,111,2,6591,動力科技股份有限公司,電腦及週邊設備業,5.48,10.0000,1011129.00,209704.00,55475.00,176058.00
1111004,111,2,6592,和潤企業股份有限公司,其他,3.47,10.0000,10647469.00,2387910.00,238752.00,1987450.00
1111004,111,2,6598,Applied BioCode Corporation,生技醫療業,-1.29,10.0000,161801.00,-106630.00,1243.00,-105410.00
1111004,111,2,6605,帝寶工業股份有限公司,汽車工業,5.56,10.0000,8174586.00,918756.00,171758.00,912201.00
1111004,111,2,6625,必應創造股份有限公司,其他,-1.74,10.0000,320710.00,-67589.00,-9428.00,-78460.00
1111004,111,2,6641,基士德科技股份有限公司,其他,2.37,10.0000,900299.00,43856.00,46946.00,84715.00
1111004,111,2,6655,科定企業股份有限公司,其他,3.21,10.0000,1069590.00,229192.00,37639.00,224926.00
1111004,111,2,6666,羅麗芬控股股份有限公司,生技醫療業,1.40,10.0000,460368.00,52707.00,23586.00,65373.00
1111004,111,2,6668,中揚光電股份有限公司,光電業,-1.81,10.0000,634133.00,-164047.00,30580.00,-132898.00
1111004,111,2,6669,緯穎科技服務股份有限公司,電腦及週邊設備業,33.79,10.0000,125762642.00,7488914.00,-1157.00,5908582.00
1111004,111,2,6670,復盛應用科技股份有限公司,其他,17.88,10.0000,16455507.00,2666159.00,486803.00,2482354.00
1111004,111,2,6671,三能集團控股股份有限公司,其他,1.02,10.0000,912800.00,89505.00,1599.00,61455.00
1111004,111,2,6672,騰輝電子國際集團股份有限公司,電子零組件業,3.64,10.0000,3175252.00,279419.00,21608.00,257276.00
1111004,111,2,6674,鋐寶科技股份有限公司,通信網路業,-0.12,10.0000,1424738.00,-17598.00,5547.00,-7975.00
1111004,111,2,6689,伊雲谷數位科技股份有限公司,其他電子業,0.98,10.0000,4197624.00,73059.00,-1605.00,58590.00
1111004,111,2,6691,洋基工程股份有限公司,其他電子業,10.91,10.0000,6294174.00,931959.00,14022.00,740858.00
1111004,111,2,6698,旭暉應用材料股份有限公司,其他電子業,0.09,10.0000,609899.00,31473.00,80.00,24348.00
1111004,111,2,6706,惠特科技股份有限公司,光電業,9.43,10.0000,3288934.00,613682.00,223313.00,693222.00
1111004,111,2,6715,嘉基科技股份有限公司,電子零組件業,4.13,10.0000,1585603.00,309616.00,48692.00,258022.00
1111004,111,2,6719,力智電子股份有限公司,半導體業,10.93,10.0000,3579913.00,951102.00,126105.00,850085.00
1111004,111,2,6743,安普新股份有限公司,其他電子業,0.30,10.0000,2911931.00,21415.00,62330.00,46130.00
1111004,111,2,6754,匯僑室內裝修設計股份有限公司,其他,1.47,10.0000,2119469.00,122724.00,33497.00,96944.00
1111004,111,2,6756,威鋒電子股份有限公司,半導體業,7.95,10.0000,1865672.00,554218.00,93731.00,544068.00
1111004,111,2,6768,志強國際企業股份有限公司,其他,4.09,10.0000,8528470.00,942627.00,56164.00,800140.00
1111004,111,2,6770,力晶積成電子製造股份有限公司,半導體業,3.80,10.0000,42540459.00,17131723.00,-21786.00,13644394.00
1111004,111,2,6776,展碁國際股份有限公司,電子通路業,2.31,10.0000,11865932.00,266771.00,8126.00,214434.00
1111004,111,2,6781,"AES Holding Co., Ltd.",電子零組件業,18.56,10.0000,7590404.00,1964146.00,38961.00,1585333.00
1111004,111,2,6789,采鈺科技股份有限公司,半導體業,3.91,10.0000,4945967.00,1384270.00,7364.00,1146922.00
1111004,111,2,6790,永豐餘消費品實業股份有限公司,造紙工業,1.50,10.0000,4880705.00,547511.00,-20326.00,404211.00
1111004,111,2,6792,詠業科技股份有限公司,通信網路業,3.17,10.0000,828359.00,167293.00,14178.00,151760.00
1111004,111,2,6796,晉弘科技股份有限公司,生技醫療業,1.00,10.0000,228768.00,20482.00,17152.00,30604.00
1111004,111,2,6799,來頡科技股份有限公司,半導體業,4.53,10.0000,643113.00,207157.00,10725.00,170950.00
1111004,111,2,6806,森崴能源股份有限公司,其他,0.50,10.0000,2105112.00,91316.00,24644.00,87650.00
1111004,111,2,6807,峰源集團股份有限公司,其他,1.09,10.0000,2105012.00,-16878.00,72229.00,52894.00
1111004,111,2,6830,汎銓科技股份有限公司,其他電子業,2.44,10.0000,795493.00,148711.00,-3876.00,100902.00
1111004,111,2,6834,天二科技股份有限公司,電子零組件業,1.31,10.0000,652319.00,82457.00,35467.00,104441.00
1111004,111,2,6854,PlayNitride Inc.,半導體業,-2.23,10.0000,182930.00,-366080.00,141015.00,-225065.00
1111004,111,2,8011,台通光電股份有限公司,通信網路業,-1.05,10.0000,824578.00,-159199.00,-21323.00,-178746.00
1111004,111,2,8016,矽創電子股份有限公司,半導體業,20.94,10.0000,10130826.00,3397673.00,220704.00,2942894.00
1111004,111,2,8021,尖點科技股份有限公司,其他電子業,1.59,10.0000,1810188.00,283495.00,12596.00,243229.00
1111004,111,2,8028,昇陽國際半導體股份有限公司,半導體業,1.08,10.0000,1457104.00,136526.00,43663.00,160065.00
1111004,111,2,8033,雷虎科技股份有限公司,其他,0.02,10.0000,509544.00,2837.00,12318.00,9085.00
1111004,111,2,8039,台虹科技股份有限公司,電子零組件業,2.07,10.0000,4489222.00,367199.00,186096.00,434975.00
1111004,111,2,8046,南亞電路板股份有限公司,電子零組件業,13.54,10.0000,29747370.00,10168748.00,1123075.00,8748096.00
1111004,111,2,8070,長華電材股份有限公司,電子通路業,1.64, 1.0000,11474910.00,1856573.00,486110.00,1850149.00
1111004,111,2,8072,陞泰科技股份有限公司,電子通路業,0.62,10.0000,651371.00,19339.00,54787.00,58094.00
1111004,111,2,8081,致新科技股份有限公司,半導體業,15.49,10.0000,4920250.00,1461034.00,209171.00,1380648.00
1111004,111,2,8101,華冠通訊股份有限公司,通信網路業,-0.09,10.0000,197660.00,-132951.00,113380.00,-19571.00
1111004,111,2,8103,瀚荃股份有限公司,電子零組件業,2.66,10.0000,2059269.00,251071.00,76973.00,207908.00
1111004,111,2,8104,錸寶科技股份有限公司,光電業,0.04,10.0000,1141116.00,26804.00,9694.00,6081.00
1111004,111,2,8105,凌巨科技股份有限公司,光電業,0.72,10.0000,5195386.00,133314.00,189839.00,319012.00
1111004,111,2,8110,華東科技股份有限公司,半導體業,0.09,10.0000,4722309.00,147110.00,-50415.00,-7262.00
1111004,111,2,8112,至上電子股份有限公司,電子通路業,3.74,10.0000,100572002.00,2633557.00,-368823.00,1640095.00
1111004,111,2,8114,振樺電子股份有限公司,電腦及週邊設備業,6.13,10.0000,5574496.00,704806.00,4957.00,516262.00
1111004,111,2,8131,福懋科技股份有限公司,半導體業,2.59,10.0000,5261728.00,1000211.00,401101.00,1146446.00
1111004,111,2,8150,南茂科技股份有限公司,半導體業,3.50,10.0000,13576959.00,2509148.00,537871.00,2545287.00
1111004,111,2,8163,達方電子股份有限公司,電腦及週邊設備業,1.91,10.0000,15169017.00,828393.00,28648.00,663526.00
1111004,111,2,8201,無敵科技股份有限公司,其他電子業,-0.65,10.0000,349923.00,-51844.00,11557.00,-40281.00
1111004,111,2,8210,勤誠興業股份有限公司,電腦及週邊設備業,3.36,10.0000,4870556.00,452024.00,91631.00,403712.00
1111004,111,2,8213,志超科技股份有限公司,電子零組件業,3.06,10.0000,13057542.00,1000066.00,218077.00,869848.00
1111004,111,2,8215,明基材料股份有限公司,光電業,1.73,10.0000,8275740.00,451475.00,196867.00,549899.00
1111004,111,2,8222,寶一科技股份有限公司,電機機械,-0.08,10.0000,214065.00,-31261.00,25695.00,-5566.00
1111004,111,2,8249,菱光科技股份有限公司,電子零組件業,0.81,10.0000,1970792.00,160347.00,-9202.00,90643.00
1111004,111,2,8261,富鼎先進電子股份有限公司,半導體業,6.59,10.0000,2294871.00,611543.00,116325.00,574006.00
1111004,111,2,8271,宇瞻科技股份有限公司,半導體業,3.01,10.0000,4416320.00,381130.00,-2820.00,305296.00
1111004,111,2,8341,日友環保科技股份有限公司,其他,4.47,10.0000,1961053.00,639345.00,11430.00,495504.00
1111004,111,2,8367,建新國際股份有限公司,航運業,0.84,10.0000,1117194.00,204057.00,-101091.00,48093.00
1111004,111,2,8374,羅昇企業股份有限公司,電機機械,0.74,10.0000,1974537.00,88055.00,32002.00,90792.00
1111004,111,2,8404,百和興業股份有限公司(開曼),其他,1.74,10.0000,4687171.00,775227.00,-17386.00,549287.00
1111004,111,2,8411,福貞控股股份有限公司,其他,-0.88,10.0000,3871189.00,47018.00,-175646.00,-153656.00
1111004,111,2,8422,可寧衛股份有限公司,其他,5.70,10.0000,2389107.00,787489.00,1859.00,619187.00
1111004,111,2,8429,金麗集團控股有限公司,貿易百貨,-0.45,10.0000,116537.00,-95964.00,6255.00,-82878.00
1111004,111,2,8438,昶昕實業股份有限公司,其他,1.27,10.0000,2082654.00,78856.00,30388.00,84860.00
1111004,111,2,8442,威宏控股股份有限公司,其他,4.67,10.0000,4088277.00,293819.00,9891.00,280054.00
1111004,111,2,8443,阿瘦實業股份有限公司,貿易百貨,-1.21,10.0000,632432.00,-68136.00,-8184.00,-80952.00
1111004,111,2,8454,富邦媒體科技股份有限公司,貿易百貨,7.59,10.0000,48075867.00,2058089.00,16930.00,1656335.00
1111004,111,2,8462,柏文健康事業股份有限公司,觀光事業,0.90,10.0000,1739881.00,113759.00,-27793.00,68273.00
1111004,111,2,8463,潤泰精密材料股份有限公司,其他,-0.42,10.0000,1680868.00,-6974.00,-13858.00,-38381.00
1111004,111,2,8464,億豐綜合工業股份有限公司,其他,10.80,10.0000,15208670.00,3792593.00,782885.00,3090151.00
1111004,111,2,8466,美吉吉國際股份有限公司,其他,1.92,10.0000,2070972.00,129263.00,33789.00,120986.00
1111004,111,2,8467,波力環球企業股份有限公司,其他,4.57,10.0000,994401.00,215463.00,63629.00,225913.00
1111004,111,2,8473,山林水環境工程股份有限公司,其他,0.72,10.0000,1891244.00,304313.00,-85363.00,151768.00
1111004,111,2,8478,東哥企業股份有限公司,其他,10.55,10.0000,2924894.00,946700.00,31443.00,928203.00
1111004,111,2,8480,泰昇國際(控股)有限公司,其他,1.61,10.0000,740707.00,34615.00,41570.00,63383.00
1111004,111,2,8481,政伸企業股份有限公司,其他,2.89,10.0000,743581.00,203521.00,35285.00,192268.00
1111004,111,2,8482,商億全球控股有限公司,其他,4.23,10.0000,2477258.00,439062.00,70468.00,458324.00
1111004,111,2,8488,吉源控股股份有限公司,其他,-0.32,10.0000,1770875.00,-60106.00,33353.00,-21721.00
1111004,111,2,8499,鼎炫投資控股股份有限公司,其他電子業,7.15,10.0000,1223717.00,406096.00,117106.00,406563.00
1111004,111,2,8926,台灣汽電共生股份有限公司,油電燃氣業,0.20,10.0000,1861379.00,37322.00,125827.00,124480.00
1111004,111,2,8940,新天地國際實業股份有限公司,觀光事業,-0.03,10.0000,419540.00,-1179.00,-1987.00,-1220.00
1111004,111,2,8996,高力熱處理工業股份有限公司,電機機械,1.21,10.0000,1182934.00,124802.00,16920.00,108280.00
1111004,111,2,9802,鈺齊國際股份有限公司,其他,8.06,10.0000,10726966.00,1614971.00,308442.00,1497667.00
1111004,111,2,9902,台火開發股份有限公司,其他,-0.44,10.0000,49326.00,-9934.00,-30258.00,-43574.00
1111004,111,2,9904,寶成工業股份有限公司,其他,3.29,10.0000,135601235.00,4963154.00,9212288.00,12143997.00
1111004,111,2,9905,大華金屬工業股份有限公司,其他,0.78,10.0000,4263042.00,274593.00,40664.00,232649.00
1111004,111,2,9906,欣巴巴事業股份有限公司,建材營造,4.47,10.0000,2171079.00,479237.00,-10962.00,372258.00
1111004,111,2,9907,統一實業股份有限公司,其他,0.95,10.0000,22551891.00,1758934.00,107049.00,1449492.00
1111004,111,2,9908,大台北區瓦斯股份有限公司,油電燃氣業,0.58,10.0000,1708352.00,321130.00,58375.00,299688.00
1111004,111,2,9910,豐泰企業股份有限公司,其他,5.28,10.0000,47158341.00,5674152.00,1205855.00,5016980.00
1111004,111,2,9911,台灣櫻花股份有限公司,其他,2.32,10.0000,4087980.00,561372.00,78785.00,505101.00
1111004,111,2,9912,偉聯科技股份有限公司,電腦及週邊設備業,-0.11,10.0000,309543.00,-12446.00,3322.00,-10299.00
1111004,111,2,9914,美利達工業股份有限公司,其他,7.22,10.0000,16964477.00,1336079.00,1527415.00,2186959.00
1111004,111,2,9917,中興保全科技股份有限公司,其他,2.86,10.0000,7531540.00,1149626.00,372824.00,1273414.00
1111004,111,2,9918,欣欣天然氣股份有限公司,油電燃氣業,0.50,10.0000,1106822.00,253189.00,-112375.00,89208.00
1111004,111,2,9919,康那香企業股份有限公司,其他,-0.47,10.0000,1604403.00,-137459.00,30422.00,-92246.00
1111004,111,2,9921,巨大機械工業股份有限公司,其他,9.66,10.0000,45005231.00,4526100.00,462647.00,3763663.00
1111004,111,2,9924,台灣福興工業股份有限公司,其他,2.12,10.0000,4679517.00,359440.00,173199.00,402268.00
1111004,111,2,9925,台灣新光保全股份有限公司,其他,1.54,10.0000,3792050.00,515179.00,220899.00,624391.00
1111004,111,2,9926,新海瓦斯股份有限公司,油電燃氣業,1.28,10.0000,1209264.00,285168.00,5428.00,230358.00
1111004,111,2,9927,泰銘實業股份有限公司,其他,2.24,10.0000,5018302.00,463196.00,44117.00,376619.00
1111004,111,2,9928,中國電視事業股份有限公司,其他,-0.14,10.0000,404630.00,-41049.00,32434.00,-8615.00
1111004,111,2,9929,秋雨創新股份有限公司,其他,-0.98,10.0000,270951.00,-273.00,-124732.00,-125225.00
1111004,111,2,9930,中聯資源股份有限公司,其他,1.61,10.0000,5791571.00,509629.00,-6971.00,401691.00
1111004,111,2,9931,欣高石油氣股份有限公司,油電燃氣業,0.87,10.0000,667253.00,104745.00,25064.00,96007.00
1111004,111,2,9933,中鼎工程股份有限公司,其他,2.05,10.0000,44803831.00,1995287.00,134204.00,2033448.00
1111004,111,2,9934,成霖企業股份有限公司,其他,-3.03,10.0000,10429498.00,-916906.00,-140843.00,-1085710.00
1111004,111,2,9935,慶豐富實業股份有限公司,其他,0.50,10.0000,2745339.00,59862.00,62164.00,85102.00
1111004,111,2,9937,全國加油站股份有限公司,油電燃氣業,1.08,10.0000,11739104.00,346256.00,72422.00,330766.00
1111004,111,2,9938,台灣百和工業股份有限公司,其他,3.43,10.0000,9300428.00,1792340.00,40316.00,1289889.00
1111004,111,2,9939,宏全國際股份有限公司,其他,4.34,10.0000,12188598.00,1571733.00,80413.00,1302918.00
1111004,111,2,9940,信義房屋股份有限公司,其他,1.07,10.0000,7064012.00,984486.00,7246.00,801266.00
1111004,111,2,9941,裕融企業股份有限公司,其他,6.30,10.0000,17337809.00,4599887.00,-333794.00,3110978.00
1111004,111,2,9942,茂順密封件科技股份有限公司,其他,3.17,10.0000,1904590.00,333056.00,37551.00,265281.00
1111004,111,2,9943,好樂迪股份有限公司,觀光事業,0.96,10.0000,1055194.00,69035.00,94272.00,141133.00
1111004,111,2,9944,新麗企業股份有限公司,其他,0.74,10.0000,1462049.00,121915.00,40640.00,87721.00
1111004,111,2,9945,潤泰創新國際股份有限公司,其他,4.78,10.0000,13936763.00,2108576.00,8161308.00,10075671.00
1111004,111,2,9946,三發地產股份有限公司(原:金革),建材營造,0.10,10.0000,993879.00,59964.00,-14336.00,31887.00
1111004,111,2,9955,佳龍科技工程股份有限公司,其他,-0.40,10.0000,659294.00,-43298.00,2446.00,-40852.00
1111004,111,2,9958,世紀鋼鐵結構股份有限公司,鋼鐵工業,1.52,10.0000,3964510.00,326509.00,122032.00,337324.00
